filename, HEALTHY, HOTSPOT, MALASSEZIA_DERMATITIS, PYODERMA, RINGWORM
preprocessed_HOTSPOT_014_jpg.rf.d9310bf37d4850ff9d1948bf846839c7.jpg, 0, 1, 0, 0, 0
preprocessed_RINGWORM_013_jpeg.rf.dbef6efbe46bd19ab0b83e34d4156ec1.jpg, 0, 0, 0, 0, 1
preprocessed_HOTSPOT_052_jpg.rf.d6987935715be540739802dfdb62aca4.jpg, 0, 1, 0, 0, 0
preprocessed_RINGWORM_013_jpeg.rf.d95cec281aa3742576ee308642036aee.jpg, 0, 0, 0, 0, 1
preprocessed_HOTSPOT_044_jpg.rf.d6088d9d0ada44f234dcbc7ec4dd0768.jpg, 0, 1, 0, 0, 0
preprocessed_RINGWORM_050_jpg.rf.da3d4d4458d4ecdfc8ac1a388d53d225.jpg, 0, 0, 0, 0, 1
preprocessed_MALASSEZIA-DERMATITIS_011_jpg.rf.d6fe9338257ea7e0b1747a446e85fbea.jpg, 0, 0, 1, 0, 0
preprocessed_PYODERMA_050_jpg.rf.d93783741ff7f334c54289086870e38d.jpg, 0, 0, 0, 1, 0
preprocessed_HEALTHY_035_jpg.rf.daed7c76a77ff53c7838b6dc94b899de.jpg, 1, 0, 0, 0, 0
preprocessed_HEALTHY_058_jpg.rf.d9069a2648535b7d86a1631b422eebe1.jpg, 1, 0, 0, 0, 0
preprocessed_RINGWORM_014_jpeg.rf.dbe8a8085042401e1daecae669ab3dfc.jpg, 0, 0, 0, 0, 1
preprocessed_HEALTHY_053_jpg.rf.e112f4973e1f94d54138640f358301b3.jpg, 1, 0, 0, 0, 0
preprocessed_HOTSPOT_025_jpg.rf.dff10539fb344d923b605211623ff262.jpg, 0, 1, 0, 0, 0
preprocessed_RINGWORM_005_jpeg.rf.d7ab04b6bbbe0dabaf959de7d11b1f54.jpg, 0, 0, 0, 0, 1
preprocessed_PYODERMA_052_jpg.rf.e0e14e29de4d42fd49604dc3e9153c10.jpg, 0, 0, 0, 1, 0
preprocessed_PYODERMA_021_jpg.rf.dcacf31c99e4666af098103e2be02360.jpg, 0, 0, 0, 1, 0
preprocessed_HEALTHY_040_jpg.rf.d74d6f91aa06a445fe54c2d279e48e88.jpg, 1, 0, 0, 0, 0
preprocessed_HOTSPOT_033_jpg.rf.df9594e96903203d7072a3c41361bbf2.jpg, 0, 1, 0, 0, 0
preprocessed_RINGWORM_047_jpg.rf.de8ac972bf81b7fb79ea39811bcf8962.jpg, 0, 0, 0, 0, 1
preprocessed_HOTSPOT_027_jpg.rf.df4b8ddd4fba0b1893fcc793c4d96139.jpg, 0, 1, 0, 0, 0
preprocessed_PYODERMA_004_jpg.rf.de42c2e2a1625a23fb9887aff8599b6e.jpg, 0, 0, 0, 1, 0
preprocessed_HOTSPOT_039_jpg.rf.e11de60ba3329d7385c0d5681edc6fdf.jpg, 0, 1, 0, 0, 0
preprocessed_HEALTHY_003_jpg.rf.e22eef0fb0df60404f1be75a9fa1b92f.jpg, 1, 0, 0, 0, 0
preprocessed_PYODERMA_003_jpg.rf.e167e90ef018b9952b895e0179ca0ae6.jpg, 0, 0, 0, 1, 0
preprocessed_HOTSPOT_026_jpg.rf.de6db65cf132c7494404c5d530e49219.jpg, 0, 1, 0, 0, 0
preprocessed_HOTSPOT_047_jpg.rf.e359821356eec3ae35e8110eb3286081.jpg, 0, 1, 0, 0, 0
preprocessed_RINGWORM_032_jpg.rf.de38eaa16fdfcbe34b257279c918b69f.jpg, 0, 0, 0, 0, 1
preprocessed_PYODERMA_021_jpg.rf.d84eb183835cec07812499f1ec33de21.jpg, 0, 0, 0, 1, 0
preprocessed_HOTSPOT_028_jpg.rf.de9de5adfdb4ca9b93179d3cb8ca8c38.jpg, 0, 1, 0, 0, 0
preprocessed_PYODERMA_045_jpeg.rf.e3631d47eca0b96826e524ce6fa9c0a8.jpg, 0, 0, 0, 1, 0
preprocessed_RINGWORM_018_jpeg.rf.dd19bcaf017e673d1e4b5d381e08cc64.jpg, 0, 0, 0, 0, 1
preprocessed_MALASSEZIA-DERMATITIS_042_jpg.rf.e1a43d4f43d0dc26b023ded3db092924.jpg, 0, 0, 1, 0, 0
preprocessed_MALASSEZIA-DERMATITIS_047_jpg.rf.e2d5a62cf408937757cc7ae3a300df36.jpg, 0, 0, 1, 0, 0
preprocessed_PYODERMA_052_jpg.rf.e69f7f46ede4cf2b1342cbbc90066a9b.jpg, 0, 0, 0, 1, 0
preprocessed_HOTSPOT_047_jpg.rf.def4989eb3e99b5a95bafb4ba5f8616c.jpg, 0, 1, 0, 0, 0
preprocessed_HEALTHY_049_jpg.rf.e549c37874306789c637ee8cd2976a03.jpg, 1, 0, 0, 0, 0
preprocessed_HEALTHY_028_jpg.rf.e90d2679d5248a5d9c79e287146027c9.jpg, 1, 0, 0, 0, 0
preprocessed_PYODERMA_032_jpeg.rf.e34c7a9386520c06c2631af0d5cd1087.jpg, 0, 0, 0, 1, 0
preprocessed_HOTSPOT_011_jpg.rf.e882a1b286921ddf516bab20901cbcb7.jpg, 0, 1, 0, 0, 0
preprocessed_MALASSEZIA-DERMATITIS_042_jpg.rf.e6473f1fd7de20811d37fa6344cfcdbb.jpg, 0, 0, 1, 0, 0
preprocessed_HEALTHY_037_jpg.rf.e380a165b2d2ec515556afcd5783e61a.jpg, 1, 0, 0, 0, 0
preprocessed_HEALTHY_050_jpg.rf.e8d9a2dbe0e0fbce8ad44a145f3154b6.jpg, 1, 0, 0, 0, 0
preprocessed_PYODERMA_023_jpg.rf.ec84c79713832547071234c0e0f250c3.jpg, 0, 0, 0, 1, 0
preprocessed_RINGWORM_051_jpg.rf.ec3dbfd3c754b5470f7992cd536e65fb.jpg, 0, 0, 0, 0, 1
preprocessed_PYODERMA_050_jpg.rf.ed424c4f1a88317020829101736b1984.jpg, 0, 0, 0, 1, 0
preprocessed_HEALTHY_017_jpg.rf.eb77eaeb3e9285082752158d02a97328.jpg, 1, 0, 0, 0, 0
preprocessed_RINGWORM_011_jpeg.rf.e78ce311dc01885a553b4232aafa27d4.jpg, 0, 0, 0, 0, 1
preprocessed_MALASSEZIA-DERMATITIS_047_jpg.rf.e3253e82973e8b878e331d5c6a905838.jpg, 0, 0, 1, 0, 0
preprocessed_MALASSEZIA-DERMATITIS_050_jpg.rf.ec3a2570ff21b33109bce936f64f8032.jpg, 0, 0, 1, 0, 0
preprocessed_HEALTHY_054_jpg.rf.d6f910251bfd9aa7df61a276ebd2bab4.jpg, 1, 0, 0, 0, 0
preprocessed_RINGWORM_050_jpg.rf.ed8c5e2c83c125425f060e76682397de.jpg, 0, 0, 0, 0, 1
preprocessed_RINGWORM_012_jpeg.rf.ebbdc90141a9721111f4f9046f350521.jpg, 0, 0, 0, 0, 1
preprocessed_HOTSPOT_052_jpg.rf.ee521b400a929b3d821ad5915cbaf9f5.jpg, 0, 1, 0, 0, 0
preprocessed_PYODERMA_050_jpg.rf.e65b466f7efad0755117f91cf475c6f2.jpg, 0, 0, 0, 1, 0
preprocessed_RINGWORM_050_jpg.rf.ee3060df628ae3ffe8564331d6b4b8d9.jpg, 0, 0, 0, 0, 1
preprocessed_PYODERMA_006_jpg.rf.ef8fb05c58671fc2aac3f8a98e6c5a26.jpg, 0, 0, 0, 1, 0
preprocessed_PYODERMA_037_jpeg.rf.f04e8cb808be60d034c5db75bdc09749.jpg, 0, 0, 0, 1, 0
preprocessed_MALASSEZIA-DERMATITIS_027_jpg.rf.f00bf6b8c5beb4465efe8d20b4ef5ae2.jpg, 0, 0, 1, 0, 0
preprocessed_PYODERMA_042_jpeg.rf.ee5b67b73c79a00f1392400e2dc46683.jpg, 0, 0, 0, 1, 0
preprocessed_RINGWORM_018_jpeg.rf.ed739d45066806e594259fb67a9de547.jpg, 0, 0, 0, 0, 1
preprocessed_MALASSEZIA-DERMATITIS_007_jpg.rf.f36ef46a5e7eb73bdfdc784fe8bb00c1.jpg, 0, 0, 1, 0, 0
preprocessed_RINGWORM_046_jpg.rf.f06f4d8a1593ff4b420cb5b6e1a752c7.jpg, 0, 0, 0, 0, 1
preprocessed_HEALTHY_048_jpg.rf.f4148a4e4840e0f56bfbf88afb49638b.jpg, 1, 0, 0, 0, 0
preprocessed_HOTSPOT_032_jpg.rf.de5854bf6ad52bd928b0512d7662274a.jpg, 0, 1, 0, 0, 0
preprocessed_HEALTHY_025_jpg.rf.f1cb6aef9aa79d8c49beb872bec55dc5.jpg, 1, 0, 0, 0, 0
preprocessed_HEALTHY_024_jpg.rf.ecedaf1041d122b0e01127d4320a4348.jpg, 1, 0, 0, 0, 0
preprocessed_RINGWORM_039_jpg.rf.f65ce79ade3bccff4f6f518f3e964f59.jpg, 0, 0, 0, 0, 1
preprocessed_HEALTHY_004_jpg.rf.f5f988f8691a954a31f1728eb6775d38.jpg, 1, 0, 0, 0, 0
preprocessed_HOTSPOT_036_jpg.rf.f6407aa46783b3c44db610c124ae8071.jpg, 0, 1, 0, 0, 0
preprocessed_HOTSPOT_011_jpg.rf.f0ea5f7254448a5f5f1d01a49a566fe4.jpg, 0, 1, 0, 0, 0
preprocessed_MALASSEZIA-DERMATITIS_046_jpg.rf.f29b59238a25fe4b2727ed532130072e.jpg, 0, 0, 1, 0, 0
preprocessed_MALASSEZIA-DERMATITIS_009_jpg.rf.f628dbd47c3f2918228b3b9fc443f6a2.jpg, 0, 0, 1, 0, 0
preprocessed_HOTSPOT_021_jpg.rf.f3fe8219634fb803cacbe488cad865fd.jpg, 0, 1, 0, 0, 0
preprocessed_HOTSPOT_052_jpg.rf.ee8120c751261099732fc1d30e4e7450.jpg, 0, 1, 0, 0, 0
preprocessed_MALASSEZIA-DERMATITIS_051_jpg.rf.f55fc92d83d74464316cc4538b97596c.jpg, 0, 0, 1, 0, 0
preprocessed_PYODERMA_030_jpeg.rf.fa3a409fbdec556bab3951338cdc9ac2.jpg, 0, 0, 0, 1, 0
preprocessed_HEALTHY_049_jpg.rf.f9eb6bc969878a411d0d744deca0f68d.jpg, 1, 0, 0, 0, 0
preprocessed_RINGWORM_025_jpg.rf.f862fa7cfabd54200cbff6f82b65046a.jpg, 0, 0, 0, 0, 1
preprocessed_HEALTHY_019_jpg.rf.fc4d12658db5203801c2bce4b78db686.jpg, 1, 0, 0, 0, 0
preprocessed_HOTSPOT_017_jpg.rf.f9a2ac663e59458888068088c7a088b1.jpg, 0, 1, 0, 0, 0
preprocessed_HEALTHY_004_jpg.rf.f8411679b27a60ccdd9b493ce23c6396.jpg, 1, 0, 0, 0, 0
preprocessed_HOTSPOT_017_jpg.rf.f5519a6e2167b03bea7bb22477a1e71f.jpg, 0, 1, 0, 0, 0
preprocessed_MALASSEZIA-DERMATITIS_020_jpg.rf.f9ad27391256aa41282062b7649c9dd7.jpg, 0, 0, 1, 0, 0
preprocessed_HOTSPOT_002_jpg.rf.f522c99e27fa667319611aa621b6eeaa.jpg, 0, 1, 0, 0, 0
preprocessed_RINGWORM_009_jpeg.rf.fb93fb949f155774d7ea8e6913d745c1.jpg, 0, 0, 0, 0, 1
preprocessed_MALASSEZIA-DERMATITIS_025_jpg.rf.f8ecbbe5436f4f46b9c3a137b11d26c2.jpg, 0, 0, 1, 0, 0
preprocessed_RINGWORM_025_jpg.rf.fbe5b7601beb74b217402abed09c7d1b.jpg, 0, 0, 0, 0, 1
preprocessed_PYODERMA_043_jpeg.rf.f9d21e8968d60ff282f9cdb9185f49ee.jpg, 0, 0, 0, 1, 0
preprocessed_PYODERMA_006_jpg.rf.f9c297d9dd512396bb09405d05873c3d.jpg, 0, 0, 0, 1, 0
preprocessed_HOTSPOT_053_jpg.rf.fc0ce158dce909ebc036f2af89a96f95.jpg, 0, 1, 0, 0, 0
preprocessed_RINGWORM_053_jpg.rf.f996ce6f6440ec5b4338f27a58219ddc.jpg, 0, 0, 0, 0, 1
preprocessed_MALASSEZIA-DERMATITIS_027_jpg.rf.fe31ca1e9fc3b8beea97a209210a472b.jpg, 0, 0, 1, 0, 0
preprocessed_HEALTHY_031_jpg.rf.fea1583388cecb54f44111f2cf720938.jpg, 1, 0, 0, 0, 0
preprocessed_HOTSPOT_015_jpg.rf.f62cbb22ccdd7a61e5559ac57e8c8362.jpg, 0, 1, 0, 0, 0
preprocessed_HOTSPOT_051_jpg.rf.fe6d7e5b0cb74cd25d3905f4ba78265a.jpg, 0, 1, 0, 0, 0
preprocessed_RINGWORM_046_jpg.rf.f9f37043004d1f3f5660aad791927025.jpg, 0, 0, 0, 0, 1
preprocessed_HEALTHY_028_jpg.rf.6dc6ac63111d76f12afb340818d4c564.jpg, 1, 0, 0, 0, 0
preprocessed_HEALTHY_031_jpg.rf.6e021f60ad180c078c884ba33e7388af.jpg, 1, 0, 0, 0, 0
preprocessed_PYODERMA_011_jpg.rf.6c046ebc81172d63e2c61cd135c1dc38.jpg, 0, 0, 0, 1, 0
preprocessed_HOTSPOT_010_jpg.rf.6c062c6e7ec1476dbb8199b2cc80a85d.jpg, 0, 1, 0, 0, 0
preprocessed_HEALTHY_053_jpg.rf.6d8d1ae2da8dd94c339a6667d533bb8c.jpg, 1, 0, 0, 0, 0
preprocessed_HEALTHY_058_jpg.rf.6ea27a556741ee397a0179c25c83ef00.jpg, 1, 0, 0, 0, 0
preprocessed_MALASSEZIA-DERMATITIS_046_jpg.rf.6be9bb25c2009c7745488dd8c081807f.jpg, 0, 0, 1, 0, 0
preprocessed_HOTSPOT_013_jpg.rf.762536fad8ab725d662dfceb82ef35d9.jpg, 0, 1, 0, 0, 0
preprocessed_PYODERMA_015_jpg.rf.75910e6c729c5844565329135705daa6.jpg, 0, 0, 0, 1, 0
preprocessed_HEALTHY_056_jpg.rf.75719e970a2351b27af735b291bb768f.jpg, 1, 0, 0, 0, 0
preprocessed_RINGWORM_048_jpg.rf.75f7917190e01532b404f516594b52eb.jpg, 0, 0, 0, 0, 1
preprocessed_HOTSPOT_030_jpg.rf.75a7448f0bbe9b61ef46af32a4ea62e1.jpg, 0, 1, 0, 0, 0
preprocessed_PYODERMA_028_jpg.rf.77f72cb3184ab011ced67895a2d0d43b.jpg, 0, 0, 0, 1, 0
preprocessed_PYODERMA_044_jpeg.rf.77e713c40c7ba1d63f0380cf66504106.jpg, 0, 0, 0, 1, 0
preprocessed_HOTSPOT_026_jpg.rf.7807ba11e78f621770c721902c2d8e33.jpg, 0, 1, 0, 0, 0
preprocessed_HOTSPOT_021_jpg.rf.6b09e8deb4596087eaf7052efd2132bc.jpg, 0, 1, 0, 0, 0
preprocessed_MALASSEZIA-DERMATITIS_020_jpg.rf.767142540eeec765c756c5ac87c20aca.jpg, 0, 0, 1, 0, 0
preprocessed_RINGWORM_029_jpg.rf.701620b9e94c87f73a98da499ce88752.jpg, 0, 0, 0, 0, 1
preprocessed_PYODERMA_025_jpg.rf.766ca9d31eab95aeebb55b0cca280bec.jpg, 0, 0, 0, 1, 0
preprocessed_PYODERMA_030_jpeg.rf.7823ae656f1caafbd60c35fb86636584.jpg, 0, 0, 0, 1, 0
preprocessed_RINGWORM_038_jpg.rf.78142cfd25d3152c03e822d0219aab1a.jpg, 0, 0, 0, 0, 1
preprocessed_HOTSPOT_043_jpg.rf.724467dc7e88d9b3cbec99260d7f4b3f.jpg, 0, 1, 0, 0, 0
preprocessed_HOTSPOT_011_jpg.rf.7c6bbc03e9c36d9d48055d9485c8da8b.jpg, 0, 1, 0, 0, 0
preprocessed_RINGWORM_032_jpg.rf.728601940791aa24e649b9254ed27f47.jpg, 0, 0, 0, 0, 1
preprocessed_HEALTHY_034_jpg.rf.7b0e19cc215fad183202fe67d5817050.jpg, 1, 0, 0, 0, 0
preprocessed_HEALTHY_053_jpg.rf.7ccb5e1263f2e1366183a8851e9f3114.jpg, 1, 0, 0, 0, 0
preprocessed_HEALTHY_048_jpg.rf.790823368938458e6ae423253193eba9.jpg, 1, 0, 0, 0, 0
preprocessed_MALASSEZIA-DERMATITIS_026_jpg.rf.70fecf094b263f87d4b29d1e09b65b7b.jpg, 0, 0, 1, 0, 0
preprocessed_MALASSEZIA-DERMATITIS_045_jpg.rf.7d708d4301384518dfcb9f4c1dca1c36.jpg, 0, 0, 1, 0, 0
preprocessed_HOTSPOT_041_jpg.rf.6fd01ed2c67f1d9f87d63887ffd689b2.jpg, 0, 1, 0, 0, 0
preprocessed_HEALTHY_007_jpg.rf.74847f29db3e4c4fc52d3732af748b72.jpg, 1, 0, 0, 0, 0
preprocessed_PYODERMA_043_jpeg.rf.713f0ef68dfda0899b1b4429d32b412a.jpg, 0, 0, 0, 1, 0
preprocessed_RINGWORM_015_jpeg.rf.78a9abc1b9543688bba976f2efd8caaf.jpg, 0, 0, 0, 0, 1
preprocessed_RINGWORM_022_jpg.rf.7279048b131963da7954191b6cfbe636.jpg, 0, 0, 0, 0, 1
preprocessed_PYODERMA_013_jpg.rf.792913f6544c83f334839ee5afd90334.jpg, 0, 0, 0, 1, 0
preprocessed_HOTSPOT_028_jpg.rf.7315930e9e70fc9dceb5f97046f41261.jpg, 0, 1, 0, 0, 0
preprocessed_RINGWORM_026_jpg.rf.7271d1103440e7437b59a2862a81f93d.jpg, 0, 0, 0, 0, 1
preprocessed_HOTSPOT_025_jpg.rf.74831b745e48fcfacfd579c47b15e3ae.jpg, 0, 1, 0, 0, 0
preprocessed_PYODERMA_014_jpg.rf.7e0bb7e63bad06692753027378f28ba5.jpg, 0, 0, 0, 1, 0
preprocessed_HEALTHY_017_jpg.rf.7d83061e65ba819bbf2e69b7fa6f406a.jpg, 1, 0, 0, 0, 0
preprocessed_HOTSPOT_020_jpg.rf.7e0836f2bc93b85e6e7d7eb1af239c12.jpg, 0, 1, 0, 0, 0
preprocessed_PYODERMA_005_jpg.rf.713bf95cc1207781660ace0a9de008b6.jpg, 0, 0, 0, 1, 0
preprocessed_MALASSEZIA-DERMATITIS_033_png.rf.7dae95c1e41120a018719cdf65c4631e.jpg, 0, 0, 1, 0, 0
preprocessed_PYODERMA_049_jpg.rf.8146eac7c5ddc531a8a601a984f240d7.jpg, 0, 0, 0, 1, 0
preprocessed_PYODERMA_028_jpg.rf.7d27f2af4614647d3c9ab43f68eb8771.jpg, 0, 0, 0, 1, 0
preprocessed_RINGWORM_043_jpg.rf.74d5690b1698c65d49594199df7c63ee.jpg, 0, 0, 0, 0, 1
preprocessed_MALASSEZIA-DERMATITIS_029_jpg.rf.7e2cbadbf86aa23a973dd6796fb62e3b.jpg, 0, 0, 1, 0, 0
preprocessed_RINGWORM_019_jpeg.rf.811b5c27f2ff0727640813a8d28acf4f.jpg, 0, 0, 0, 0, 1
preprocessed_PYODERMA_055_jpg.rf.7f24be59ad374643f3cdfd04505d9e1a.jpg, 0, 0, 0, 1, 0
preprocessed_PYODERMA_023_jpg.rf.6f8db0bc7ada2cf9a8c9188c8e5ce4b7.jpg, 0, 0, 0, 1, 0
preprocessed_MALASSEZIA-DERMATITIS_010_jpg.rf.80b1cf510a4ec01668483f3742aba2b2.jpg, 0, 0, 1, 0, 0
preprocessed_RINGWORM_039_jpg.rf.752eafb6e1967763860fcec47183d3f4.jpg, 0, 0, 0, 0, 1
preprocessed_RINGWORM_010_jpeg.rf.755b4584835a85d3270a56d7795ec887.jpg, 0, 0, 0, 0, 1
preprocessed_MALASSEZIA-DERMATITIS_011_jpg.rf.74acf420f8593e54669d79aecfa06080.jpg, 0, 0, 1, 0, 0
preprocessed_RINGWORM_015_jpeg.rf.85d4e0f7aa19a03ffe6ebb3e1d0792f6.jpg, 0, 0, 0, 0, 1
preprocessed_RINGWORM_007_jpeg.rf.7e2596d783b643be54f48a63240702ab.jpg, 0, 0, 0, 0, 1
preprocessed_HEALTHY_036_jpg.rf.81d2670b52b11aabdc1d3ac26a234ba6.jpg, 1, 0, 0, 0, 0
preprocessed_PYODERMA_051_jpg.rf.8226a6430327df34ff9558c7cc669271.jpg, 0, 0, 0, 1, 0
preprocessed_MALASSEZIA-DERMATITIS_017_jpg.rf.82734cbd5de5db6113e2ac3bb627f483.jpg, 0, 0, 1, 0, 0
preprocessed_RINGWORM_035_jpg.rf.86f312e47a568ae4c3247e05e69bd575.jpg, 0, 0, 0, 0, 1
preprocessed_RINGWORM_014_jpeg.rf.7e9ba4af1ac020e5e07e372fa6a4ffd7.jpg, 0, 0, 0, 0, 1
preprocessed_HEALTHY_027_jpg.rf.81578942f75b4fbd15ea4e4034abfd47.jpg, 1, 0, 0, 0, 0
preprocessed_PYODERMA_001_jpg.rf.84ba602bfb2665d36ebc8b8abf2b6557.jpg, 0, 0, 0, 1, 0
preprocessed_PYODERMA_047_jpg.rf.88887d90b1bf36f13190b79cf06abf34.jpg, 0, 0, 0, 1, 0
preprocessed_MALASSEZIA-DERMATITIS_036_jpg.rf.82d5de2c7911045fe564bbdb8bbd50d4.jpg, 0, 0, 1, 0, 0
preprocessed_HEALTHY_029_jpg.rf.86fd88a53a5188b2c5cfcfaaed65c7db.jpg, 1, 0, 0, 0, 0
preprocessed_HOTSPOT_045_jpg.rf.8857e7b84541cba4896af17f2386c6b6.jpg, 0, 1, 0, 0, 0
preprocessed_HOTSPOT_044_jpg.rf.853a4cd623348e171bb4e68c31f313e5.jpg, 0, 1, 0, 0, 0
preprocessed_RINGWORM_008_jpeg.rf.878a5ebbd445cdd2681a84992ec606e6.jpg, 0, 0, 0, 0, 1
preprocessed_RINGWORM_031_jpg.rf.87a6713e53865321860060d15d358cc9.jpg, 0, 0, 0, 0, 1
preprocessed_MALASSEZIA-DERMATITIS_015_jpg.rf.8443ea80800585879dc09d228b1090bd.jpg, 0, 0, 1, 0, 0
preprocessed_RINGWORM_023_jpg.rf.84db68e910e039ef9039c3a8a17353fc.jpg, 0, 0, 0, 0, 1
preprocessed_HOTSPOT_013_jpg.rf.8b6ea940635961686fbfb001882e88bf.jpg, 0, 1, 0, 0, 0
preprocessed_PYODERMA_035_jpeg.rf.8c4972a2456db541dc2ec072fd1d5c13.jpg, 0, 0, 0, 1, 0
preprocessed_RINGWORM_014_jpeg.rf.8f245571c272634d6204a21c220a6da2.jpg, 0, 0, 0, 0, 1
preprocessed_RINGWORM_029_jpg.rf.87a03ef7e7997aa3fe72163de79875f7.jpg, 0, 0, 0, 0, 1
preprocessed_MALASSEZIA-DERMATITIS_030_jpg.rf.88e6c3f50c10f6ff229b4c21b9f8e719.jpg, 0, 0, 1, 0, 0
preprocessed_RINGWORM_019_jpeg.rf.8c63c01831bf9ce3c411bef8babf2c27.jpg, 0, 0, 0, 0, 1
preprocessed_RINGWORM_037_jpg.rf.90f4c2e310443ac9c05c16e1a81ea010.jpg, 0, 0, 0, 0, 1
preprocessed_PYODERMA_030_jpeg.rf.89bfb30b107b52fd45672c9a36745d28.jpg, 0, 0, 0, 1, 0
preprocessed_RINGWORM_043_jpg.rf.8ff601b03568bff7a9b25d066b973a12.jpg, 0, 0, 0, 0, 1
preprocessed_HEALTHY_001_jpg.rf.8602a7960641c46ffd974e1cfbf24cba.jpg, 1, 0, 0, 0, 0
preprocessed_HEALTHY_016_jpg.rf.8fee888f77ced619871cbb3e1795b41c.jpg, 1, 0, 0, 0, 0
preprocessed_HOTSPOT_053_jpg.rf.9190978f1f50a85fb7c6fcb4bb12796f.jpg, 0, 1, 0, 0, 0
preprocessed_RINGWORM_012_jpeg.rf.92910c6621c6876fb6a6fec9a374d47f.jpg, 0, 0, 0, 0, 1
preprocessed_PYODERMA_002_jpg.rf.93e1406a12bbd0eedecc595313ce3315.jpg, 0, 0, 0, 1, 0
preprocessed_HOTSPOT_008_jpg.rf.8d3df1ddaa4d111b401ac6925f57b707.jpg, 0, 1, 0, 0, 0
preprocessed_PYODERMA_013_jpg.rf.941d248cdd81e6b3ab1927ca440c0063.jpg, 0, 0, 0, 1, 0
preprocessed_RINGWORM_017_jpeg.rf.92d6fd032bb627b5738b1b3de9eae473.jpg, 0, 0, 0, 0, 1
preprocessed_HOTSPOT_034_jpg.rf.93f27d72ce9d7a0131faec5f7e175bc2.jpg, 0, 1, 0, 0, 0
preprocessed_HOTSPOT_007_jpg.rf.8015e49a374ecb44af97444d1bf89790.jpg, 0, 1, 0, 0, 0
preprocessed_RINGWORM_005_jpeg.rf.954b3904bc63059361e4b77b3f8320b9.jpg, 0, 0, 0, 0, 1
preprocessed_MALASSEZIA-DERMATITIS_032_jpg.rf.932b6cffbb9985d39223249d2041db3f.jpg, 0, 0, 1, 0, 0
preprocessed_HOTSPOT_002_jpg.rf.94f94803dc66eb822f1d11aec81dd4db.jpg, 0, 1, 0, 0, 0
preprocessed_HOTSPOT_045_jpg.rf.949d5c2f0e54026c185a8404b42c4ed1.jpg, 0, 1, 0, 0, 0
preprocessed_RINGWORM_007_jpeg.rf.95446f9e400f490e458b380977e9cd74.jpg, 0, 0, 0, 0, 1
preprocessed_PYODERMA_011_jpg.rf.9685cb49df967207080be17da6c37fe8.jpg, 0, 0, 0, 1, 0
preprocessed_MALASSEZIA-DERMATITIS_038_jpg.rf.956fa1a7f675a736dff781739b786a1e.jpg, 0, 0, 1, 0, 0
preprocessed_MALASSEZIA-DERMATITIS_027_jpg.rf.9641b7cf3ae38e8327589f568372fa85.jpg, 0, 0, 1, 0, 0
preprocessed_RINGWORM_053_jpg.rf.914d900f69ea489aab5b6985e3ff5c13.jpg, 0, 0, 0, 0, 1
preprocessed_HEALTHY_009_jpg.rf.97417a6e79b177887681cf282daf0f6d.jpg, 1, 0, 0, 0, 0
preprocessed_PYODERMA_055_jpg.rf.96620c52af6dbaa1ce89c2a2529044e4.jpg, 0, 0, 0, 1, 0
preprocessed_HEALTHY_041_jpg.rf.977223798f029eecd6e4be56e7d0aeeb.jpg, 1, 0, 0, 0, 0
preprocessed_HOTSPOT_008_jpg.rf.9a7077f93e17050c75caee2f87c10953.jpg, 0, 1, 0, 0, 0
preprocessed_HOTSPOT_007_jpg.rf.9bd9f2d78007160cadefd895b5de68f1.jpg, 0, 1, 0, 0, 0
preprocessed_RINGWORM_028_jpg.rf.95b0ddfd4b4633321898d9cb9db42364.jpg, 0, 0, 0, 0, 1
preprocessed_HEALTHY_057_jpg.rf.952a6ed7e50529de946c262f6615810d.jpg, 1, 0, 0, 0, 0
preprocessed_PYODERMA_042_jpeg.rf.9a5f6754ed01b11d5a74f53ff1c3aa68.jpg, 0, 0, 0, 1, 0
preprocessed_HEALTHY_050_jpg.rf.9ba80ecc0089828a5bd0d64fb7dea902.jpg, 1, 0, 0, 0, 0
preprocessed_PYODERMA_012_jpg.rf.98cdd2405e4558f6e17877d123bfe802.jpg, 0, 0, 0, 1, 0
preprocessed_PYODERMA_047_jpg.rf.99ec088f89ea785193f974db315daa10.jpg, 0, 0, 0, 1, 0
preprocessed_HOTSPOT_035_jpg.rf.9a6c36e9f551232dd8d016a8d01a1c14.jpg, 0, 1, 0, 0, 0
preprocessed_HEALTHY_035_jpg.rf.9cc6b06da1f08a6f0f95e3ae33aae733.jpg, 1, 0, 0, 0, 0
preprocessed_HEALTHY_013_jpg.rf.9b11af6d32098c97829a06454a9e0a9c.jpg, 1, 0, 0, 0, 0
preprocessed_HOTSPOT_009_jpg.rf.99fc7065f842944948daf4acdb098636.jpg, 0, 1, 0, 0, 0
preprocessed_PYODERMA_027_jpg.rf.9d418237eb99aaa4229816b4995d218f.jpg, 0, 0, 0, 1, 0
preprocessed_RINGWORM_047_jpg.rf.9cc7f293c9461ac195f7449de59c4fbf.jpg, 0, 0, 0, 0, 1
preprocessed_RINGWORM_048_jpg.rf.9d82c41f0fc675adb9a727bff5fdb8e9.jpg, 0, 0, 0, 0, 1
preprocessed_HEALTHY_043_jpg.rf.9862710ff1768b0a6a1f494a5c0d5b65.jpg, 1, 0, 0, 0, 0
preprocessed_PYODERMA_038_jpeg.rf.9f1c1ba995a52f119cf64b6bc7f83575.jpg, 0, 0, 0, 1, 0
preprocessed_PYODERMA_045_jpeg.rf.9d29918372dac8bf079ac3e996493818.jpg, 0, 0, 0, 1, 0
preprocessed_MALASSEZIA-DERMATITIS_053_jpg.rf.9e08b725d2ed0967c524a70b8a149aa9.jpg, 0, 0, 1, 0, 0
preprocessed_RINGWORM_008_jpeg.rf.9ef83114b2eeb556e668845604bd1c3c.jpg, 0, 0, 0, 0, 1
preprocessed_RINGWORM_035_jpg.rf.9dbfcd3212ebed8ab9dc28f8aa8f2991.jpg, 0, 0, 0, 0, 1
preprocessed_RINGWORM_046_jpg.rf.9a222c8b81dc40a383b3f49d86be644d.jpg, 0, 0, 0, 0, 1
preprocessed_PYODERMA_001_jpg.rf.a1711e6b109bea23bab31980b04dadb5.jpg, 0, 0, 0, 1, 0
preprocessed_PYODERMA_020_jpg.rf.9d719fb107634799ee99c640160c6031.jpg, 0, 0, 0, 1, 0
preprocessed_MALASSEZIA-DERMATITIS_038_jpg.rf.9ee56c765680d7a3e21e6cceb54db8ee.jpg, 0, 0, 1, 0, 0
preprocessed_RINGWORM_018_jpeg.rf.a042e8d65b3b1d75351ecbd75227c8fd.jpg, 0, 0, 0, 0, 1
preprocessed_HEALTHY_006_jpg.rf.a15a622f1a380264df7bfe16ecc87a75.jpg, 1, 0, 0, 0, 0
preprocessed_MALASSEZIA-DERMATITIS_051_jpg.rf.9f129d1e82fa2e49a3d06a7bb75879cf.jpg, 0, 0, 1, 0, 0
preprocessed_MALASSEZIA-DERMATITIS_021_jpg.rf.9f2374d279f7ef155a7c074936c87252.jpg, 0, 0, 1, 0, 0
preprocessed_HEALTHY_013_jpg.rf.a2703e9491a3274580a0e304fdbedaa1.jpg, 1, 0, 0, 0, 0
preprocessed_HOTSPOT_009_jpg.rf.a1bd4a602c9b5af77343ded0de6941f2.jpg, 0, 1, 0, 0, 0
preprocessed_HEALTHY_055_jpg.rf.a431c4d7d145f45a9069633564328c2c.jpg, 1, 0, 0, 0, 0
preprocessed_HEALTHY_020_jpg.rf.a2e49ec72f4c658b82a3c90c42241986.jpg, 1, 0, 0, 0, 0
preprocessed_PYODERMA_012_jpg.rf.a257957b4cdba8dee4f036040a9ece57.jpg, 0, 0, 0, 1, 0
preprocessed_HEALTHY_048_jpg.rf.a86446c7eadd4cee71c080601fcac60f.jpg, 1, 0, 0, 0, 0
preprocessed_HEALTHY_047_jpg.rf.a81d0fb3c50c753004ad9b99863577e3.jpg, 1, 0, 0, 0, 0
preprocessed_RINGWORM_036_jpg.rf.9ff5a01632de99216095b005beedc6d5.jpg, 0, 0, 0, 0, 1
preprocessed_PYODERMA_041_jpeg.rf.a678962f58d962cfefbebc4f284338eb.jpg, 0, 0, 0, 1, 0
preprocessed_PYODERMA_002_jpg.rf.a50187d9179c8869ad4d887657596980.jpg, 0, 0, 0, 1, 0
preprocessed_PYODERMA_020_jpg.rf.a6cc91c8714595bc54d53be73e2ca930.jpg, 0, 0, 0, 1, 0
preprocessed_PYODERMA_007_jpg.rf.9feb77a0c97479d5b90fe619a97fb464.jpg, 0, 0, 0, 1, 0
preprocessed_HOTSPOT_022_jpg.rf.a4d525d6252ecc44f6aa29f6d0f39fdc.jpg, 0, 1, 0, 0, 0
preprocessed_MALASSEZIA-DERMATITIS_015_jpg.rf.a7929a8b5e74b21ecd52f23d33fab8a8.jpg, 0, 0, 1, 0, 0
preprocessed_PYODERMA_043_jpeg.rf.a8a4a146b856e22c3cfd237966ff0fe2.jpg, 0, 0, 0, 1, 0
preprocessed_HOTSPOT_031_jpg.rf.a87dda9a1330be0fdba0401573175e15.jpg, 0, 1, 0, 0, 0
preprocessed_HEALTHY_043_jpg.rf.a8c98a87b7cbc495a4d1f254cf3a4525.jpg, 1, 0, 0, 0, 0
preprocessed_PYODERMA_006_jpg.rf.a9682ab5656aec5e40dd9afbc8d840b9.jpg, 0, 0, 0, 1, 0
preprocessed_HEALTHY_055_jpg.rf.a7ead5e4619397ba146785d58713a392.jpg, 1, 0, 0, 0, 0
preprocessed_HOTSPOT_051_jpg.rf.abe0850ccf65030ee8eaede821ef8d06.jpg, 0, 1, 0, 0, 0
preprocessed_HOTSPOT_042_jpg.rf.ab2c52bd3bdc0d4abe2d70947dc07c08.jpg, 0, 1, 0, 0, 0
preprocessed_PYODERMA_013_jpg.rf.a2714719f525226554ca3e7353986d33.jpg, 0, 0, 0, 1, 0
preprocessed_PYODERMA_055_jpg.rf.a2b102f8344d188fd3fc0ff6c1a358d0.jpg, 0, 0, 0, 1, 0
preprocessed_HEALTHY_058_jpg.rf.a687e8da943a8fb9d916091fdd5d6027.jpg, 1, 0, 0, 0, 0
preprocessed_HOTSPOT_054_jpg.rf.a6dffef40df3ad2a714ae9e4260a4c20.jpg, 0, 1, 0, 0, 0
preprocessed_HEALTHY_052_jpg.rf.b055a00f529da22c7a4abee9b132f3ee.jpg, 1, 0, 0, 0, 0
preprocessed_RINGWORM_022_jpg.rf.aeec46627a71966681e7aad423951867.jpg, 0, 0, 0, 0, 1
preprocessed_HEALTHY_031_jpg.rf.aae48bb54424b3aa126c7eea8ddec7fe.jpg, 1, 0, 0, 0, 0
preprocessed_MALASSEZIA-DERMATITIS_029_jpg.rf.ae97fd2a88fe51acdb3684b8343139d2.jpg, 0, 0, 1, 0, 0
preprocessed_HOTSPOT_049_jpg.rf.aecf4f7ccc246cabddeffb76aa283e9a.jpg, 0, 1, 0, 0, 0
preprocessed_HOTSPOT_022_jpg.rf.ab4f964dec0ec2f0ee2c9277d16031b4.jpg, 0, 1, 0, 0, 0
preprocessed_HOTSPOT_043_jpg.rf.b16b8ed7a2484fb2998bef864dd570ee.jpg, 0, 1, 0, 0, 0
preprocessed_HEALTHY_041_jpg.rf.b06e3a935833dc8bf7f6a94fe3fc3af2.jpg, 1, 0, 0, 0, 0
preprocessed_PYODERMA_004_jpg.rf.aa0358d108475ee4c70d9656844dcd80.jpg, 0, 0, 0, 1, 0
preprocessed_RINGWORM_010_jpeg.rf.b21217efd614d797b8c7e172cdd7b1ae.jpg, 0, 0, 0, 0, 1
preprocessed_PYODERMA_011_jpg.rf.b29d97c99373d7797bd568b737e3cc4c.jpg, 0, 0, 0, 1, 0
preprocessed_HEALTHY_010_jpg.rf.b3313c0d5fcc7ccb28331fa82ce1c1ca.jpg, 1, 0, 0, 0, 0
preprocessed_HEALTHY_040_jpg.rf.b215c86714b1bea5fc69197b312992c4.jpg, 1, 0, 0, 0, 0
preprocessed_HOTSPOT_042_jpg.rf.b64d9c20cd97b5bc10b1706ba65bc7aa.jpg, 0, 1, 0, 0, 0
preprocessed_HEALTHY_052_jpg.rf.b177d9c37b951c39d9e58853343ade5d.jpg, 1, 0, 0, 0, 0
preprocessed_MALASSEZIA-DERMATITIS_036_jpg.rf.b363fc5d31f0f0e309410c9177374b8f.jpg, 0, 0, 1, 0, 0
preprocessed_HOTSPOT_010_jpg.rf.b6a599fa4b8b9474068e4bc7222a46fc.jpg, 0, 1, 0, 0, 0
preprocessed_HEALTHY_051_jpg.rf.b8ab79f43690ff6041387ea8221cd694.jpg, 1, 0, 0, 0, 0
preprocessed_MALASSEZIA-DERMATITIS_010_jpg.rf.b337b32fd1b38d97262e90062beeb6f9.jpg, 0, 0, 1, 0, 0
preprocessed_HEALTHY_056_jpg.rf.b6e4b27f7e4d2d9e0f14dd8b77406fb7.jpg, 1, 0, 0, 0, 0
preprocessed_HOTSPOT_049_jpg.rf.bcbb5612defe6a55af75df35f7d0a86f.jpg, 0, 1, 0, 0, 0
preprocessed_HOTSPOT_043_jpg.rf.b82c01f3fd37ed83f5a1f60fcb12fcab.jpg, 0, 1, 0, 0, 0
preprocessed_RINGWORM_027_jpg.rf.b7b18b2f1c109ab2ffcba42cafb3b66c.jpg, 0, 0, 0, 0, 1
preprocessed_HEALTHY_036_jpg.rf.b2dd9c458a8037d67341d6dcc413bfcc.jpg, 1, 0, 0, 0, 0
preprocessed_PYODERMA_001_jpg.rf.bb42cadbcf878b88f7e1290271ec0e39.jpg, 0, 0, 0, 1, 0
preprocessed_MALASSEZIA-DERMATITIS_021_jpg.rf.b81e13c481e70d2891f797137b157b66.jpg, 0, 0, 1, 0, 0
preprocessed_MALASSEZIA-DERMATITIS_042_jpg.rf.b91defde4db109e2b90bc58b5d54cd75.jpg, 0, 0, 1, 0, 0
preprocessed_PYODERMA_007_jpg.rf.bc0476dc295be8a28adc255cc676eb2e.jpg, 0, 0, 0, 1, 0
preprocessed_RINGWORM_045_jpg.rf.b90248415238815037dc628a698fddc3.jpg, 0, 0, 0, 0, 1
preprocessed_HEALTHY_010_jpg.rf.b2ba773cb00333253a77fef52d730f7c.jpg, 1, 0, 0, 0, 0
preprocessed_HEALTHY_030_jpg.rf.ad7b2735d846fc8986f0cd3f93fa6689.jpg, 1, 0, 0, 0, 0
preprocessed_HEALTHY_028_jpg.rf.bdfd008af20fdd8ee057434aed26663e.jpg, 1, 0, 0, 0, 0
preprocessed_PYODERMA_014_jpg.rf.badfd0b9132f35099b614ea2dd43194f.jpg, 0, 0, 0, 1, 0
preprocessed_HOTSPOT_032_jpg.rf.bee42598917dfaeeb67b521894c0be41.jpg, 0, 1, 0, 0, 0
preprocessed_HEALTHY_029_jpg.rf.b8bb4ad86b851960f42b0915c2f6f64c.jpg, 1, 0, 0, 0, 0
preprocessed_PYODERMA_023_jpg.rf.bd652c76402affb5867b43def89eacde.jpg, 0, 0, 0, 1, 0
preprocessed_HEALTHY_001_jpg.rf.bc76ce25f266b94d75b659ef90d94e0e.jpg, 1, 0, 0, 0, 0
preprocessed_RINGWORM_001_jpg.rf.c031b63ff33869e73bb3a90dceaeb2db.jpg, 0, 0, 0, 0, 1
preprocessed_RINGWORM_022_jpg.rf.bba0da6f0bdbf063c2d8131c9b82ee0f.jpg, 0, 0, 0, 0, 1
preprocessed_HEALTHY_016_jpg.rf.c291c2fb30f441046b0b20df32153575.jpg, 1, 0, 0, 0, 0
preprocessed_PYODERMA_032_jpeg.rf.bd9953ce9a3724b3ea70f0ae15b5e644.jpg, 0, 0, 0, 1, 0
preprocessed_HEALTHY_034_jpg.rf.c2cf0b6cb271ed227c4dd0323290f927.jpg, 1, 0, 0, 0, 0
preprocessed_HEALTHY_051_jpg.rf.c4079acbb98e4624f493cd50baaf5ec3.jpg, 1, 0, 0, 0, 0
preprocessed_RINGWORM_020_jpg.rf.c47b9aab6d4653873e7ab278f0d4a223.jpg, 0, 0, 0, 0, 1
preprocessed_RINGWORM_013_jpeg.rf.bee66de7804a65cef1ff74ee544898db.jpg, 0, 0, 0, 0, 1
preprocessed_MALASSEZIA-DERMATITIS_026_jpg.rf.c5230ab97cc9b872f200ebfe7bd9d50e.jpg, 0, 0, 1, 0, 0
preprocessed_HEALTHY_009_jpg.rf.bfb4c3bf5ff72617d307ebf82f8659ac.jpg, 1, 0, 0, 0, 0
preprocessed_HEALTHY_018_jpg.rf.c3272a1fbef23af77af0c809f7617d03.jpg, 1, 0, 0, 0, 0
preprocessed_HOTSPOT_035_jpg.rf.c2619d664894feaef1dc2d60175f75c0.jpg, 0, 1, 0, 0, 0
preprocessed_HEALTHY_019_jpg.rf.c5815ca52a887bb408e1c5a25f37506f.jpg, 1, 0, 0, 0, 0
preprocessed_RINGWORM_051_jpg.rf.c898b4b53061386c4dc6d20f1c293535.jpg, 0, 0, 0, 0, 1
preprocessed_HOTSPOT_006_jpg.rf.c9c85d85f2459e9c9dd342c8ac1a6607.jpg, 0, 1, 0, 0, 0
preprocessed_MALASSEZIA-DERMATITIS_040_jpg.rf.c698bf7d46a999ded4e6c763054c8af4.jpg, 0, 0, 1, 0, 0
preprocessed_RINGWORM_047_jpg.rf.c3367805fb6e63ccf8ad1bef8d42a044.jpg, 0, 0, 0, 0, 1
preprocessed_PYODERMA_027_jpg.rf.c112e6682d394cda25150825441fc086.jpg, 0, 0, 0, 1, 0
preprocessed_PYODERMA_016_jpg.rf.cab5e71336e0b09ae535583ccfe171c7.jpg, 0, 0, 0, 1, 0
preprocessed_HEALTHY_041_jpg.rf.c64b2abfef7a9aedb1654c11648adca8.jpg, 1, 0, 0, 0, 0
preprocessed_RINGWORM_054_jpg.rf.cc5d29bb03526f4e3ad4518c81a77022.jpg, 0, 0, 0, 0, 1
preprocessed_HEALTHY_019_jpg.rf.c9f19ebc5ceab1a1da15586868384cff.jpg, 1, 0, 0, 0, 0
preprocessed_RINGWORM_024_jpg.rf.cd39a7be9719a3293a950a201af99d41.jpg, 0, 0, 0, 0, 1
preprocessed_RINGWORM_015_jpeg.rf.cac98236a44a4671facc6fe1c5501c1c.jpg, 0, 0, 0, 0, 1
preprocessed_RINGWORM_023_jpg.rf.ce28748e151c16ab96f8b19b1019328f.jpg, 0, 0, 0, 0, 1
preprocessed_HEALTHY_057_jpg.rf.c6215905bd016830fc0d7f7ce93e012a.jpg, 1, 0, 0, 0, 0
preprocessed_PYODERMA_047_jpg.rf.ce0c656c50639ffcc214634c7d58b903.jpg, 0, 0, 0, 1, 0
preprocessed_RINGWORM_031_jpg.rf.cdb7e17fef8ea4a5fa8b04a5b22d4872.jpg, 0, 0, 0, 0, 1
preprocessed_MALASSEZIA-DERMATITIS_033_png.rf.cfb76943ac63aad9f32f53145d155fc4.jpg, 0, 0, 1, 0, 0
preprocessed_RINGWORM_026_jpg.rf.cf201a22a9edd4a0ebfc05189bc81738.jpg, 0, 0, 0, 0, 1
preprocessed_RINGWORM_009_jpeg.rf.cc3d32b24af1838caa3f96f2471798cd.jpg, 0, 0, 0, 0, 1
preprocessed_RINGWORM_054_jpg.rf.cf4385ed43770331257438810a8a2ff4.jpg, 0, 0, 0, 0, 1
preprocessed_HEALTHY_020_jpg.rf.c5f558135de129bfc282eeafa945ca36.jpg, 1, 0, 0, 0, 0
preprocessed_PYODERMA_008_jpg.rf.cdf0bf3ec1fdd2e3533c3cd86f355226.jpg, 0, 0, 0, 1, 0
preprocessed_HEALTHY_003_jpg.rf.cfad122a1a5bec5d8c54085c2fe7d9f7.jpg, 1, 0, 0, 0, 0
preprocessed_HEALTHY_022_jpg.rf.cd15483e58668f0a67ccbe6246930256.jpg, 1, 0, 0, 0, 0
preprocessed_MALASSEZIA-DERMATITIS_050_jpg.rf.ce575794ab2e59f4390c08d3576a2390.jpg, 0, 0, 1, 0, 0
preprocessed_HEALTHY_030_jpg.rf.cf8642fda8231483f5b3d3bde38efe5a.jpg, 1, 0, 0, 0, 0
preprocessed_HOTSPOT_041_jpg.rf.c9c596ae1a7fe64e5f8399f4211c106a.jpg, 0, 1, 0, 0, 0
preprocessed_HOTSPOT_032_jpg.rf.d144006c7934fcb76d0b9493d0440c99.jpg, 0, 1, 0, 0, 0
preprocessed_MALASSEZIA-DERMATITIS_020_jpg.rf.d40e09c34c4d834fd5e4dcd0a4be7b4d.jpg, 0, 0, 1, 0, 0
preprocessed_RINGWORM_020_jpg.rf.d252f8454ea14bfa612dc979f45315f5.jpg, 0, 0, 0, 0, 1
preprocessed_MALASSEZIA-DERMATITIS_016_jpg.rf.d201247de2166cf3c6b1df614aeeeea1.jpg, 0, 0, 1, 0, 0
preprocessed_PYODERMA_027_jpg.rf.d35cddd5e9769e7e02df298d763a8d0c.jpg, 0, 0, 0, 1, 0
preprocessed_HOTSPOT_013_jpg.rf.d520865cc747fbb1394b0535fd1a4133.jpg, 0, 1, 0, 0, 0
preprocessed_HEALTHY_025_jpg.rf.d42a3db7f5611cbc757603a799f3cf96.jpg, 1, 0, 0, 0, 0
preprocessed_MALASSEZIA-DERMATITIS_050_jpg.rf.d389d1964b9fc52d12cfb51a40397223.jpg, 0, 0, 1, 0, 0
preprocessed_HOTSPOT_053_jpg.rf.d5583cbce14fe7083f268bc0902f9a74.jpg, 0, 1, 0, 0, 0
preprocessed_MALASSEZIA-DERMATITIS_017_jpg.rf.d43d83effc9cce00fb94c6a801a59207.jpg, 0, 0, 1, 0, 0
preprocessed_RINGWORM_026_jpg.rf.d40f36bc30b93e342c3fe48fd4b2af10.jpg, 0, 0, 0, 0, 1
preprocessed_HOTSPOT_026_jpg.rf.d1ebd3555e853e3de5055b572c3dd7aa.jpg, 0, 1, 0, 0, 0
preprocessed_MALASSEZIA-DERMATITIS_005_png.rf.d26542e17f2251c87c72f36702cf6c36.jpg, 0, 0, 1, 0, 0
preprocessed_MALASSEZIA-DERMATITIS_025_jpg.rf.d03da48d4a68b5108d9a197459132849.jpg, 0, 0, 1, 0, 0
preprocessed_HOTSPOT_033_jpg.rf.d4b62dd128f9410ba4666dfacb2b8e0a.jpg, 0, 1, 0, 0, 0
preprocessed_HEALTHY_003_jpg.rf.d552b42384f492fec12c41a70673f776.jpg, 1, 0, 0, 0, 0
preprocessed_RINGWORM_017_jpeg.rf.d33f66aba3e04b9c6497ccadc103dc39.jpg, 0, 0, 0, 0, 1
preprocessed_HEALTHY_004_jpg.rf.00ccb5adb201fd82114eb28bb91407d5.jpg, 1, 0, 0, 0, 0
preprocessed_RINGWORM_025_jpg.rf.00fdf0f3a5a9e46eaa3e485238c54c0f.jpg, 0, 0, 0, 0, 1
preprocessed_PYODERMA_049_jpg.rf.020f1b39c659b61ceb6ab20631da8c66.jpg, 0, 0, 0, 1, 0
preprocessed_RINGWORM_038_jpg.rf.0246a28ce47b526e9e98d9267ab632c1.jpg, 0, 0, 0, 0, 1
preprocessed_HOTSPOT_020_jpg.rf.0295ed8ef6be78725f437a4a64db7586.jpg, 0, 1, 0, 0, 0
preprocessed_PYODERMA_022_jpg.rf.0339b1272efd26a71c785ad5374d15a8.jpg, 0, 0, 0, 1, 0
preprocessed_PYODERMA_016_jpg.rf.02c03f7c868541556bd7a969ee6c7e90.jpg, 0, 0, 0, 1, 0
preprocessed_RINGWORM_023_jpg.rf.029ba58f1705c021849f047e51c12050.jpg, 0, 0, 0, 0, 1
preprocessed_PYODERMA_002_jpg.rf.03eb4657972fdb62cf06798ca24b9ba8.jpg, 0, 0, 0, 1, 0
preprocessed_MALASSEZIA-DERMATITIS_038_jpg.rf.02e829b61f0fefbfa7d6bc44130d664d.jpg, 0, 0, 1, 0, 0
preprocessed_HOTSPOT_019_jpg.rf.035c0d32ea39a733bdb09fc87c31cb26.jpg, 0, 1, 0, 0, 0
preprocessed_HOTSPOT_047_jpg.rf.0454faa8f511a5e2f846f9f017cfbff0.jpg, 0, 1, 0, 0, 0
preprocessed_RINGWORM_054_jpg.rf.05689da426d18ca1a4cb1172c31fbe1f.jpg, 0, 0, 0, 0, 1
preprocessed_RINGWORM_024_jpg.rf.06e6e2e1599b250608633fab1e0307ac.jpg, 0, 0, 0, 0, 1
preprocessed_RINGWORM_011_jpeg.rf.0410512503524d954ff74f3d7fbada75.jpg, 0, 0, 0, 0, 1
preprocessed_HEALTHY_018_jpg.rf.063d47773e1f849a06397a774b816e1a.jpg, 1, 0, 0, 0, 0
preprocessed_MALASSEZIA-DERMATITIS_040_jpg.rf.064987b8285e4b5592d66aef46bf9086.jpg, 0, 0, 1, 0, 0
preprocessed_PYODERMA_018_jpg.rf.092b947dce51616705bf4dcddc522618.jpg, 0, 0, 0, 1, 0
preprocessed_MALASSEZIA-DERMATITIS_030_jpg.rf.07f59d9bbabb9b20122743e48122b3fc.jpg, 0, 0, 1, 0, 0
preprocessed_HEALTHY_040_jpg.rf.085c620d1b0c28ba292344b61d3ed3a5.jpg, 1, 0, 0, 0, 0
preprocessed_HEALTHY_035_jpg.rf.0fb5e9bf0ba0378adad6ae3591ebfffd.jpg, 1, 0, 0, 0, 0
preprocessed_RINGWORM_039_jpg.rf.0cb1a07d9c8097bc26aa2e151aeecf71.jpg, 0, 0, 0, 0, 1
preprocessed_RINGWORM_003_jpeg.rf.0a3e64cc252e3b877da1e1bb4f6ab864.jpg, 0, 0, 0, 0, 1
preprocessed_PYODERMA_019_jpg.rf.091d2fe5bc3a0f0b419403be410aeb92.jpg, 0, 0, 0, 1, 0
preprocessed_HEALTHY_046_jpg.rf.0f1203e9b3cf776b0eb38a029d3c067f.jpg, 1, 0, 0, 0, 0
preprocessed_MALASSEZIA-DERMATITIS_017_jpg.rf.0d8c239f0078ca83ce2dc3521a73b9f9.jpg, 0, 0, 1, 0, 0
preprocessed_HOTSPOT_014_jpg.rf.0f40e2b66722122a02103c1097a40060.jpg, 0, 1, 0, 0, 0
preprocessed_HOTSPOT_005_jpg.rf.0ef94e5c67949a54595118d0009674cc.jpg, 0, 1, 0, 0, 0
preprocessed_PYODERMA_025_jpg.rf.0fc03b233d40aa28f168ac4d32c8b1ff.jpg, 0, 0, 0, 1, 0
preprocessed_PYODERMA_052_jpg.rf.0f7036acb02dee30c48e14ab5981333d.jpg, 0, 0, 0, 1, 0
preprocessed_HEALTHY_017_jpg.rf.115b123ef3c64fbe1c94297dd054922c.jpg, 1, 0, 0, 0, 0
preprocessed_MALASSEZIA-DERMATITIS_053_jpg.rf.128eace14878a00e220737bd747d3588.jpg, 0, 0, 1, 0, 0
preprocessed_RINGWORM_028_jpg.rf.102e5bc585eeaf8934d034fc3920c68a.jpg, 0, 0, 0, 0, 1
preprocessed_HOTSPOT_034_jpg.rf.06d7061c7f52e2339a97d9f5c0be9231.jpg, 0, 1, 0, 0, 0
preprocessed_PYODERMA_014_jpg.rf.0bea588f4b2c8f2a0791278fe7c715ed.jpg, 0, 0, 0, 1, 0
preprocessed_PYODERMA_044_jpeg.rf.0cba93e7d26a13c415573faa787f99d0.jpg, 0, 0, 0, 1, 0
preprocessed_MALASSEZIA-DERMATITIS_003_png.rf.11aa4d4a9c4e909b5f611aaf1a97e2fe.jpg, 0, 0, 1, 0, 0
preprocessed_HOTSPOT_006_jpg.rf.137b38ab886bcf78cd56fa6ce17008a7.jpg, 0, 1, 0, 0, 0
preprocessed_MALASSEZIA-DERMATITIS_012_jpg.rf.10d19ea378aaaff37b3a9e05fc4c49ad.jpg, 0, 0, 1, 0, 0
preprocessed_MALASSEZIA-DERMATITIS_051_jpg.rf.138b27828a876758fbe865aa2604d8f6.jpg, 0, 0, 1, 0, 0
preprocessed_MALASSEZIA-DERMATITIS_009_jpg.rf.12f8c9eeceea8248aa5c930156d60391.jpg, 0, 0, 1, 0, 0
preprocessed_HEALTHY_047_jpg.rf.157af2770e814f8cb5358b0c53998a42.jpg, 1, 0, 0, 0, 0
preprocessed_HEALTHY_037_jpg.rf.1643351101a0e2816a766c2047921f46.jpg, 1, 0, 0, 0, 0
preprocessed_RINGWORM_003_jpeg.rf.14073f333a7ca8d8fb639d86a63225ac.jpg, 0, 0, 0, 0, 1
preprocessed_MALASSEZIA-DERMATITIS_053_jpg.rf.14711f39622aeee6346c244492f3888c.jpg, 0, 0, 1, 0, 0
preprocessed_PYODERMA_037_jpeg.rf.13ce04cab8cf69dd90025ffc86b4367a.jpg, 0, 0, 0, 1, 0
preprocessed_PYODERMA_007_jpg.rf.0f4cb01e5cc9743ad9431b689413f4e2.jpg, 0, 0, 0, 1, 0
preprocessed_PYODERMA_051_jpg.rf.14146d13b0c730318b06790b527b2ecd.jpg, 0, 0, 0, 1, 0
preprocessed_HOTSPOT_031_jpg.rf.1bfc20497bee2fbc8d80c844e75a7bf8.jpg, 0, 1, 0, 0, 0
preprocessed_HEALTHY_013_jpg.rf.14d72115954e18575236f40379f2de8c.jpg, 1, 0, 0, 0, 0
preprocessed_HOTSPOT_014_jpg.rf.1c6a2a6207e27c78f566a889bb7739e5.jpg, 0, 1, 0, 0, 0
preprocessed_HEALTHY_050_jpg.rf.180442730b9c3d444380d3bf3c2fa0af.jpg, 1, 0, 0, 0, 0
preprocessed_HEALTHY_034_jpg.rf.185febe7a93ba9e43774e6c00ed6478a.jpg, 1, 0, 0, 0, 0
preprocessed_RINGWORM_031_jpg.rf.160ddf6894971d201ccf3516e7aff7d8.jpg, 0, 0, 0, 0, 1
preprocessed_HEALTHY_007_jpg.rf.1dd258ea57cc818c3e1f6ad767d60144.jpg, 1, 0, 0, 0, 0
preprocessed_HEALTHY_020_jpg.rf.15a988a011b52eee55068cbcd2262f72.jpg, 1, 0, 0, 0, 0
preprocessed_HEALTHY_006_jpg.rf.1a6dd8410d5b46f780e51b3832995d62.jpg, 1, 0, 0, 0, 0
preprocessed_RINGWORM_035_jpg.rf.12e5f6cb8aa9c18dd1756df671cc4c80.jpg, 0, 0, 0, 0, 1
preprocessed_RINGWORM_012_jpeg.rf.1d3b95a60cd6a035ee5b699056687bb5.jpg, 0, 0, 0, 0, 1
preprocessed_MALASSEZIA-DERMATITIS_033_png.rf.1b6c2446e0281745e2f11a7bbc95bcff.jpg, 0, 0, 1, 0, 0
preprocessed_MALASSEZIA-DERMATITIS_040_jpg.rf.1c85d39ae1e68d195915ad22c243f8a4.jpg, 0, 0, 1, 0, 0
preprocessed_HOTSPOT_019_jpg.rf.217568d39f9426c4ce125c67cad3de91.jpg, 0, 1, 0, 0, 0
preprocessed_PYODERMA_019_jpg.rf.1559e0c77ac399fe2e5de569e647db3c.jpg, 0, 0, 0, 1, 0
preprocessed_MALASSEZIA-DERMATITIS_047_jpg.rf.22d1ecd6ff7066e3c4573a1a099789be.jpg, 0, 0, 1, 0, 0
preprocessed_HEALTHY_024_jpg.rf.0fd539c8f5845ef70c11139c3051f728.jpg, 1, 0, 0, 0, 0
preprocessed_HOTSPOT_010_jpg.rf.21a6fac0cf15121739881da8e7c6a5cc.jpg, 0, 1, 0, 0, 0
preprocessed_HOTSPOT_054_jpg.rf.1f062cf24cc2dbf32c9563e54599ddbe.jpg, 0, 1, 0, 0, 0
preprocessed_RINGWORM_051_jpg.rf.15926f0f4b017f79428320af9816d192.jpg, 0, 0, 0, 0, 1
preprocessed_HEALTHY_024_jpg.rf.1f85c9066560619e23c5e937efeaebee.jpg, 1, 0, 0, 0, 0
preprocessed_HOTSPOT_049_jpg.rf.264573a22762028a40e1cdef34da4b5f.jpg, 0, 1, 0, 0, 0
preprocessed_PYODERMA_053_jpg.rf.22d9512a412cbf41e4c155b251802f05.jpg, 0, 0, 0, 1, 0
preprocessed_HOTSPOT_002_jpg.rf.2274747fbb3e6e4c945fecf8db3f95ba.jpg, 0, 1, 0, 0, 0
preprocessed_HEALTHY_046_jpg.rf.21aeac5254b9a63310c2f5a12ec03f1e.jpg, 1, 0, 0, 0, 0
preprocessed_HEALTHY_009_jpg.rf.23b336599bb63a361be3ee184d3a90a2.jpg, 1, 0, 0, 0, 0
preprocessed_PYODERMA_016_jpg.rf.266102f1714cf0db9f9e66e1592caa99.jpg, 0, 0, 0, 1, 0
preprocessed_HEALTHY_022_jpg.rf.15ef7c3d35608500098388759f3888e1.jpg, 1, 0, 0, 0, 0
preprocessed_PYODERMA_041_jpeg.rf.276df1ba2798ba06b7201bbd8bb2a0bb.jpg, 0, 0, 0, 1, 0
preprocessed_HEALTHY_006_jpg.rf.2e16de062f0c62b13f12a739c03b20b7.jpg, 1, 0, 0, 0, 0
preprocessed_MALASSEZIA-DERMATITIS_025_jpg.rf.2dcc3f41f577c91fecb2611eb973af26.jpg, 0, 0, 1, 0, 0
preprocessed_MALASSEZIA-DERMATITIS_029_jpg.rf.209e49d97ac065d6efe98e85bcd7b629.jpg, 0, 0, 1, 0, 0
preprocessed_HEALTHY_026_jpg.rf.29710f47a6e18f768dbfc0810087da9b.jpg, 1, 0, 0, 0, 0
preprocessed_PYODERMA_022_jpg.rf.2c58599c3604788f4bda7e9645b92492.jpg, 0, 0, 0, 1, 0
preprocessed_RINGWORM_008_jpeg.rf.1874e802c2759e3f9df06c7b0f9ebfc1.jpg, 0, 0, 0, 0, 1
preprocessed_MALASSEZIA-DERMATITIS_036_jpg.rf.2b42d9ffd88d1b7b75911e14d8a24e7a.jpg, 0, 0, 1, 0, 0
preprocessed_PYODERMA_008_jpg.rf.2cd75b506a9ae6862363786f22fb8edc.jpg, 0, 0, 0, 1, 0
preprocessed_HEALTHY_002_jpg.rf.2d507fa6a7e39aacf76b31927a1c9327.jpg, 1, 0, 0, 0, 0
preprocessed_RINGWORM_043_jpg.rf.2e9f50606e5c6bd6c8a7c6b1681bd014.jpg, 0, 0, 0, 0, 1
preprocessed_RINGWORM_017_jpeg.rf.307e9fe7065cb8672dfa5aa978b132f0.jpg, 0, 0, 0, 0, 1
preprocessed_RINGWORM_038_jpg.rf.26cf5aedb95f34b7dcd0208865d93bc5.jpg, 0, 0, 0, 0, 1
preprocessed_HEALTHY_047_jpg.rf.2ecbf18c2e8de8b63fe2c11b4e79a56b.jpg, 1, 0, 0, 0, 0
preprocessed_HOTSPOT_051_jpg.rf.31e7cb94d13f6aca4ff6e8757e1dc76a.jpg, 0, 1, 0, 0, 0
preprocessed_RINGWORM_045_jpg.rf.30711d296481b439ddd3e84b23685708.jpg, 0, 0, 0, 0, 1
preprocessed_MALASSEZIA-DERMATITIS_007_jpg.rf.297ce34329537e89b7243b517bf12adf.jpg, 0, 0, 1, 0, 0
preprocessed_HOTSPOT_015_jpg.rf.342f39280725631fcc798c35dfc03776.jpg, 0, 1, 0, 0, 0
preprocessed_HEALTHY_026_jpg.rf.356446d8711b96c2b2e44e31dd989b30.jpg, 1, 0, 0, 0, 0
preprocessed_HEALTHY_036_jpg.rf.334596dfa3d1e0b1e7560c2e67bd50ec.jpg, 1, 0, 0, 0, 0
preprocessed_MALASSEZIA-DERMATITIS_046_jpg.rf.3454a23bbbb1aef2b976fd0b91632677.jpg, 0, 0, 1, 0, 0
preprocessed_RINGWORM_020_jpg.rf.39562e0aca88726476a93bf0251d5e6c.jpg, 0, 0, 0, 0, 1
preprocessed_HOTSPOT_031_jpg.rf.281e983e6e22cc5f793120af34b51ec0.jpg, 0, 1, 0, 0, 0
preprocessed_HEALTHY_054_jpg.rf.3642888670b639c48ed03e5aad86d7b7.jpg, 1, 0, 0, 0, 0
preprocessed_HEALTHY_056_jpg.rf.396159aee4779b3c22d826ddb4541310.jpg, 1, 0, 0, 0, 0
preprocessed_HOTSPOT_041_jpg.rf.356a3b20d7c692ecc048709908702b72.jpg, 0, 1, 0, 0, 0
preprocessed_MALASSEZIA-DERMATITIS_045_jpg.rf.33bd18495a889e71435f3aef3ce1118b.jpg, 0, 0, 1, 0, 0
preprocessed_RINGWORM_028_jpg.rf.3a0f067f5ae49c30d8a0ea7cad7f4e51.jpg, 0, 0, 0, 0, 1
preprocessed_HEALTHY_016_jpg.rf.398d7486ff7d40d0b20ba59656f69e8d.jpg, 1, 0, 0, 0, 0
preprocessed_PYODERMA_045_jpeg.rf.3ab0dcf52748e176fa5bdc43c6998672.jpg, 0, 0, 0, 1, 0
preprocessed_RINGWORM_024_jpg.rf.38c5f9ddb540b4e6ce1fa80524f40683.jpg, 0, 0, 0, 0, 1
preprocessed_MALASSEZIA-DERMATITIS_010_jpg.rf.3b774357382ca573dee52567fbc91d20.jpg, 0, 0, 1, 0, 0
preprocessed_HEALTHY_002_jpg.rf.364059245006ce6d9facdab3e8775a21.jpg, 1, 0, 0, 0, 0
preprocessed_HOTSPOT_008_jpg.rf.362c32c5a71376501de434d16b53ec3e.jpg, 0, 1, 0, 0, 0
preprocessed_RINGWORM_037_jpg.rf.3d2a020c59a71a2b9313429162036200.jpg, 0, 0, 0, 0, 1
preprocessed_HEALTHY_027_jpg.rf.3bc6aa0ae4c1b630d12ac70a52166d3f.jpg, 1, 0, 0, 0, 0
preprocessed_RINGWORM_032_jpg.rf.3854133ddfddf366ce1e63d15b37446a.jpg, 0, 0, 0, 0, 1
preprocessed_PYODERMA_053_jpg.rf.3b84142e6ea916f21fa7df1fefc036cf.jpg, 0, 0, 0, 1, 0
preprocessed_HEALTHY_051_jpg.rf.3d51b86cda3892f14add7ed290bbdeb0.jpg, 1, 0, 0, 0, 0
preprocessed_MALASSEZIA-DERMATITIS_021_jpg.rf.38f2c1edbba371a4c41494433efc442e.jpg, 0, 0, 1, 0, 0
preprocessed_MALASSEZIA-DERMATITIS_016_jpg.rf.361431f8fcfd57935968d9eb1b53a81f.jpg, 0, 0, 1, 0, 0
preprocessed_RINGWORM_036_jpg.rf.3c951766c686cf3ba4a5dc2c55b853da.jpg, 0, 0, 0, 0, 1
preprocessed_RINGWORM_048_jpg.rf.3cfa4e831b950a9c48c7758ae3b508bb.jpg, 0, 0, 0, 0, 1
preprocessed_HOTSPOT_019_jpg.rf.3b59063ed398b8c37872723ddd3d3b24.jpg, 0, 1, 0, 0, 0
preprocessed_HEALTHY_018_jpg.rf.3ded190c31d3b4f2dcca54dee64ea609.jpg, 1, 0, 0, 0, 0
preprocessed_MALASSEZIA-DERMATITIS_007_jpg.rf.4065c343935529fa6ba52788e6b571e0.jpg, 0, 0, 1, 0, 0
preprocessed_PYODERMA_038_jpeg.rf.3fea52af606760a65530c69ce614c3d2.jpg, 0, 0, 0, 1, 0
preprocessed_PYODERMA_053_jpg.rf.3efbcbeb8ce2464b393e299e044d6f87.jpg, 0, 0, 0, 1, 0
preprocessed_PYODERMA_051_jpg.rf.39c31b121eef7676ea2a59704f2d4b2c.jpg, 0, 0, 0, 1, 0
preprocessed_PYODERMA_021_jpg.rf.41fed358a6ab2462959bc8fff7dc2247.jpg, 0, 0, 0, 1, 0
preprocessed_RINGWORM_009_jpeg.rf.3f7694805a175839e8e84743b24de790.jpg, 0, 0, 0, 0, 1
preprocessed_PYODERMA_041_jpeg.rf.3ee017e30ea7318ea2af6b69ace0678f.jpg, 0, 0, 0, 1, 0
preprocessed_HOTSPOT_028_jpg.rf.42de2a67001502dcef92169e2d758209.jpg, 0, 1, 0, 0, 0
preprocessed_PYODERMA_049_jpg.rf.44297c85b925bd187a9d12c569355d05.jpg, 0, 0, 0, 1, 0
preprocessed_HEALTHY_001_jpg.rf.3e861dbbed39f739122d35e2f0fb107b.jpg, 1, 0, 0, 0, 0
preprocessed_HOTSPOT_009_jpg.rf.418cc3a4c40a0318199d4c7d84cc2e58.jpg, 0, 1, 0, 0, 0
preprocessed_PYODERMA_035_jpeg.rf.3e63861a61f31c24c8113387ff5ed470.jpg, 0, 0, 0, 1, 0
preprocessed_HOTSPOT_015_jpg.rf.466083db6c81262cf0d55cdae0252c80.jpg, 0, 1, 0, 0, 0
preprocessed_PYODERMA_022_jpg.rf.460ef0d42b209dec95fa33d995748c28.jpg, 0, 0, 0, 1, 0
preprocessed_HOTSPOT_021_jpg.rf.415addf39b5d68dc2caa3d77a036e711.jpg, 0, 1, 0, 0, 0
preprocessed_PYODERMA_037_jpeg.rf.448029fa9e5353ea5820e89c186384af.jpg, 0, 0, 0, 1, 0
preprocessed_MALASSEZIA-DERMATITIS_032_jpg.rf.435141a9bc542af51e47b5336ad73695.jpg, 0, 0, 1, 0, 0
preprocessed_HOTSPOT_042_jpg.rf.44d0ea0369ef21bcb679d78d066afc27.jpg, 0, 1, 0, 0, 0
preprocessed_RINGWORM_045_jpg.rf.43b0f91af3c626164950cd85afc84ed2.jpg, 0, 0, 0, 0, 1
preprocessed_MALASSEZIA-DERMATITIS_003_png.rf.455a95abba7089531adceb1e4b6e7647.jpg, 0, 0, 1, 0, 0
preprocessed_HOTSPOT_039_jpg.rf.479e74d6a006e088a6ee43d398a25b87.jpg, 0, 1, 0, 0, 0
preprocessed_PYODERMA_005_jpg.rf.47f438e3137b3555efe3099313b424ec.jpg, 0, 0, 0, 1, 0
preprocessed_HOTSPOT_050_jpg.rf.46c1062d0e214887d42d061c18f4c2bd.jpg, 0, 1, 0, 0, 0
preprocessed_PYODERMA_008_jpg.rf.49edcf92159b34ac6e5edc2946f2b319.jpg, 0, 0, 0, 1, 0
preprocessed_PYODERMA_028_jpg.rf.43d738abb5ff0ac46457080504dc491b.jpg, 0, 0, 0, 1, 0
preprocessed_PYODERMA_018_jpg.rf.4ad7e9c8250a46e2e32eb61c0fcc63f6.jpg, 0, 0, 0, 1, 0
preprocessed_HOTSPOT_022_jpg.rf.46b4ea8b38172ae29b551bab140e0cf1.jpg, 0, 1, 0, 0, 0
preprocessed_HOTSPOT_025_jpg.rf.47720476c5d67adebd27c48eae607773.jpg, 0, 1, 0, 0, 0
preprocessed_HOTSPOT_006_jpg.rf.4c165acac36a044094af426b75e38805.jpg, 0, 1, 0, 0, 0
preprocessed_HEALTHY_025_jpg.rf.4c6391b8cfb9b4255cae204e6c81b40a.jpg, 1, 0, 0, 0, 0
preprocessed_MALASSEZIA-DERMATITIS_003_png.rf.478c8db9b3ac8bf4faed6fd1525aeee9.jpg, 0, 0, 1, 0, 0
preprocessed_MALASSEZIA-DERMATITIS_005_png.rf.4685d1e56aae7b862abd60a2c1106372.jpg, 0, 0, 1, 0, 0
preprocessed_HEALTHY_007_jpg.rf.4b754257f8d26c0e6f33d8a0c6e02e89.jpg, 1, 0, 0, 0, 0
preprocessed_RINGWORM_037_jpg.rf.49849b1a0b42f8e3ffecaafaeca911f9.jpg, 0, 0, 0, 0, 1
preprocessed_HEALTHY_043_jpg.rf.481070654f32c0f19fce1de91d285487.jpg, 1, 0, 0, 0, 0
preprocessed_RINGWORM_027_jpg.rf.4852990615d763d9c5804f4fd90e20e8.jpg, 0, 0, 0, 0, 1
preprocessed_PYODERMA_005_jpg.rf.4a71355cb791c8b55933d9b6ccf9f7dd.jpg, 0, 0, 0, 1, 0
preprocessed_RINGWORM_005_jpeg.rf.4d50b5e0784f51153ee82cf0ba0c2dc8.jpg, 0, 0, 0, 0, 1
preprocessed_RINGWORM_011_jpeg.rf.4cfd320127757bec9d1c1fcf401cbd65.jpg, 0, 0, 0, 0, 1
preprocessed_RINGWORM_029_jpg.rf.4cd03735703b09e0adc0370a5c9f10e7.jpg, 0, 0, 0, 0, 1
preprocessed_RINGWORM_007_jpeg.rf.4e8453eee3a728564e6106a3c4c8e09f.jpg, 0, 0, 0, 0, 1
preprocessed_PYODERMA_018_jpg.rf.4c55d1be5a6a89bac9d20158e3523840.jpg, 0, 0, 0, 1, 0
preprocessed_HOTSPOT_044_jpg.rf.4fc0fdddd342a4910d7d0834eb2dffc7.jpg, 0, 1, 0, 0, 0
preprocessed_HOTSPOT_050_jpg.rf.4ca603bb406f12fe89007f3e673057a8.jpg, 0, 1, 0, 0, 0
preprocessed_HEALTHY_057_jpg.rf.4b37ba7a36341140a34180783b2d8d93.jpg, 1, 0, 0, 0, 0
preprocessed_MALASSEZIA-DERMATITIS_015_jpg.rf.4e3e4198aa12199502d6e6adbbf69ed7.jpg, 0, 0, 1, 0, 0
preprocessed_PYODERMA_038_jpeg.rf.4cbe5a57085d2da221406a7d9d28e6c7.jpg, 0, 0, 0, 1, 0
preprocessed_HEALTHY_054_jpg.rf.47a6edf67230e0e2fd7bf4e4c2845eb7.jpg, 1, 0, 0, 0, 0
preprocessed_MALASSEZIA-DERMATITIS_011_jpg.rf.52137c28ebe4e5de03996817c649d92f.jpg, 0, 0, 1, 0, 0
preprocessed_PYODERMA_004_jpg.rf.536d80a1146642e27518fa9011db2e30.jpg, 0, 0, 0, 1, 0
preprocessed_PYODERMA_015_jpg.rf.4d964da588a7548d8739c74c2badb0a2.jpg, 0, 0, 0, 1, 0
preprocessed_MALASSEZIA-DERMATITIS_005_png.rf.4dd053a84dcc81030a58e27b6f74cc43.jpg, 0, 0, 1, 0, 0
preprocessed_HEALTHY_002_jpg.rf.4f215c7a995c9d2427ef16a16233f3b1.jpg, 1, 0, 0, 0, 0
preprocessed_HOTSPOT_039_jpg.rf.52eab18c538f3e44994ebba7e6d84183.jpg, 0, 1, 0, 0, 0
preprocessed_PYODERMA_012_jpg.rf.55ff6a46a55823ace73cfb7662b02a75.jpg, 0, 0, 0, 1, 0
preprocessed_PYODERMA_025_jpg.rf.50ab72f9e35da1f3bc3335699107049c.jpg, 0, 0, 0, 1, 0
preprocessed_HOTSPOT_036_jpg.rf.4ed7fd146906eee504b1751c4da144ea.jpg, 0, 1, 0, 0, 0
preprocessed_PYODERMA_044_jpeg.rf.4f49f877f87ee11dcc4a5fe19772551d.jpg, 0, 0, 0, 1, 0
preprocessed_MALASSEZIA-DERMATITIS_012_jpg.rf.4ec066dd643d521da730e48d5ba41f1a.jpg, 0, 0, 1, 0, 0
preprocessed_HEALTHY_026_jpg.rf.54fd248087d23ae9195e766f2ef1afe6.jpg, 1, 0, 0, 0, 0
preprocessed_HOTSPOT_050_jpg.rf.547f6676176bd54b32764975deeb1e4d.jpg, 0, 1, 0, 0, 0
preprocessed_RINGWORM_001_jpg.rf.577d11b3eb715e06ed2c3cb50e3cce19.jpg, 0, 0, 0, 0, 1
preprocessed_PYODERMA_019_jpg.rf.5413d4a3fedc04d311a0460f7b49f92e.jpg, 0, 0, 0, 1, 0
preprocessed_HOTSPOT_045_jpg.rf.5681f0231ac9d6e5c5ef323941ce45dd.jpg, 0, 1, 0, 0, 0
preprocessed_HOTSPOT_034_jpg.rf.5a26389ba3e55d0e783313b7420e4578.jpg, 0, 1, 0, 0, 0
preprocessed_HEALTHY_030_jpg.rf.537d03d9bf842751ad33034eb060c6bd.jpg, 1, 0, 0, 0, 0
preprocessed_HOTSPOT_036_jpg.rf.58877778f12e19eae04535ea32f758da.jpg, 0, 1, 0, 0, 0
preprocessed_HEALTHY_010_jpg.rf.54edc755a1adada2df1833444496e788.jpg, 1, 0, 0, 0, 0
preprocessed_HEALTHY_052_jpg.rf.5734973e396b3c579c5ef6c1709683ba.jpg, 1, 0, 0, 0, 0
preprocessed_PYODERMA_035_jpeg.rf.55d337d399c14b3d544bcd88ef0a8b79.jpg, 0, 0, 0, 1, 0
preprocessed_HOTSPOT_020_jpg.rf.553480833f165d124f82ce9672a4fd7f.jpg, 0, 1, 0, 0, 0
preprocessed_RINGWORM_003_jpeg.rf.5827ac55c8be46558bcd822299314782.jpg, 0, 0, 0, 0, 1
preprocessed_HOTSPOT_035_jpg.rf.59d18962053e7f2a113b29adc181424d.jpg, 0, 1, 0, 0, 0
preprocessed_HEALTHY_037_jpg.rf.582fac422e0537f48b1bfc4ed0546c9d.jpg, 1, 0, 0, 0, 0
preprocessed_HEALTHY_055_jpg.rf.582654faa1b16bffe084bb4a2baa2337.jpg, 1, 0, 0, 0, 0
preprocessed_MALASSEZIA-DERMATITIS_012_jpg.rf.5ac19661caa73d26358c87be085401cd.jpg, 0, 0, 1, 0, 0
preprocessed_RINGWORM_010_jpeg.rf.51179aea420c3278d44825b8cb3ca0e4.jpg, 0, 0, 0, 0, 1
preprocessed_HEALTHY_022_jpg.rf.5d86381f345185f727cd7ebe35098dd9.jpg, 1, 0, 0, 0, 0
preprocessed_HOTSPOT_054_jpg.rf.5d093735b4ac5d57ac563c47402c23e4.jpg, 0, 1, 0, 0, 0
preprocessed_HEALTHY_027_jpg.rf.6052d955857f3286cbd103c5eaf8519e.jpg, 1, 0, 0, 0, 0
preprocessed_MALASSEZIA-DERMATITIS_032_jpg.rf.5b81b17d9f379c8fd46376912261bf99.jpg, 0, 0, 1, 0, 0
preprocessed_MALASSEZIA-DERMATITIS_030_jpg.rf.5e466f4e28a34345ec90c58fe3a9c108.jpg, 0, 0, 1, 0, 0
preprocessed_HOTSPOT_005_jpg.rf.61bfafbfd2a5746d5a440a585072506b.jpg, 0, 1, 0, 0, 0
preprocessed_PYODERMA_003_jpg.rf.607c5b521b367a7f24ad45ff2adc7e4a.jpg, 0, 0, 0, 1, 0
preprocessed_RINGWORM_019_jpeg.rf.60fbb4957488f84082cd2e8ef5f702aa.jpg, 0, 0, 0, 0, 1
preprocessed_PYODERMA_015_jpg.rf.5b68758247c510cb5109a994b98b7453.jpg, 0, 0, 0, 1, 0
preprocessed_RINGWORM_053_jpg.rf.67a37bdcdf467239ca460ebfafad9c1a.jpg, 0, 0, 0, 0, 1
preprocessed_HOTSPOT_033_jpg.rf.620663a426c7146cd64cc4534bb3f49c.jpg, 0, 1, 0, 0, 0
preprocessed_HOTSPOT_030_jpg.rf.66003df69d56bf9c5e9d9383c4befe5a.jpg, 0, 1, 0, 0, 0
preprocessed_HOTSPOT_007_jpg.rf.5ed2276f3497a18dd57dcffef0bd9f8d.jpg, 0, 1, 0, 0, 0
preprocessed_HEALTHY_046_jpg.rf.5f3d670b719fd48772772e35739dad50.jpg, 1, 0, 0, 0, 0
preprocessed_HOTSPOT_005_jpg.rf.67d2c7124cf68637406e56a91782ba63.jpg, 0, 1, 0, 0, 0
preprocessed_RINGWORM_036_jpg.rf.68e4f914c1149a2b5a777377cf512f4f.jpg, 0, 0, 0, 0, 1
preprocessed_PYODERMA_042_jpeg.rf.631c8c48555d03361a16b9dc99e45a19.jpg, 0, 0, 0, 1, 0
preprocessed_HOTSPOT_030_jpg.rf.6851ea81cb74b108ba5247a3c58718fd.jpg, 0, 1, 0, 0, 0
preprocessed_PYODERMA_032_jpeg.rf.633046489cfd1f953b408e844dfced18.jpg, 0, 0, 0, 1, 0
preprocessed_HEALTHY_029_jpg.rf.6aa2119b17647b19f453a61199332034.jpg, 1, 0, 0, 0, 0
preprocessed_HOTSPOT_027_jpg.rf.69be3eae25f3295bc9fd2abb15b71ed0.jpg, 0, 1, 0, 0, 0
preprocessed_MALASSEZIA-DERMATITIS_016_jpg.rf.59a0a317b93f222db8cab336b84703a8.jpg, 0, 0, 1, 0, 0
preprocessed_MALASSEZIA-DERMATITIS_045_jpg.rf.675334c27f7948535bb2dee18a5b8531.jpg, 0, 0, 1, 0, 0
preprocessed_HEALTHY_049_jpg.rf.6916c50b54b02620ed33a9e870108b24.jpg, 1, 0, 0, 0, 0