filename,dermatitis,fine,flea_allergy,ringworm,scabies
hotspot-19-_jpg.rf.81b5fef587f09938c89a10bd2d3a0c96.jpg,0,0,1,0,0
1000010494_x16_jpg.rf.81aa19b9cc088255ea4a56cfa63a4147.jpg,1,0,0,0,0
ringworm-47-_jpg.rf.850332ec24fe12d0a13afa00fda9d6b6.jpg,0,0,0,1,0
HOT-SPOT-IN-DOG-HOW-vet-treated-symptom-prevention_-flea-bite-moist-eczema_dog-itching-000361_png_jpg.rf.84c0e5f09ee6d1443c55793e452f21b7.jpg,0,0,0,0,1
Image_24_jpg.rf.84d091594fde2d20572bbc543d7f2f38.jpg,0,1,0,0,0
mange-17-_jpg.rf.84855e1500abd43c3a69e0e07af436a7.jpg,0,0,0,0,1
flea_allergy-52-_jpg.rf.8275f206fb74295ac895f3046728b0f0.jpg,0,0,1,0,0
HOT-SPOT-IN-DOG-HOW-vet-treated-symptom-prevention_-flea-bite-moist-eczema_dog-itching-000500_png_jpg.rf.88da60466d6ae8ce59b3205bcf6a58a8.jpg,0,0,0,0,1
Image_25_jpg.rf.8533a1a86463981ba01c064a63f26b5d.jpg,0,1,0,0,0
ringworm-38-_jpg.rf.83a8e868312b94b7ea8f501f0460c047.jpg,0,0,0,1,0
ringworm-126-_jpg.rf.83690b2971ece89a106fd53cf4be6972.jpg,0,0,0,1,0
OIP-6-_x4_jpg.rf.8a3d13868cfc0b9597f5fecdbb4da8a0.jpg,1,0,0,0,0
1000010648_x16_jpg.rf.88152c8aa55e2e6e3d9944c4ea2f691a.jpg,1,0,0,0,0
1000010755_x4_jpg.rf.839d18454a58d635388221cb0a035c7f.jpg,0,0,1,0,0
Image_35_jpg.rf.8872d2a2103ce0078f934c392cb35649.jpg,0,1,0,0,0
Image_79_jpg.rf.891805aae2a15afa95dbba6b58df5b85.jpg,0,1,0,0,0
1000011971_x4_jpg.rf.8aacdfdf9f21cec980975ca9b1c5ac89.jpg,1,0,0,0,0
May-is-allergy-awareness-month-here-at-The-Shot-Spot_00025_jpg.rf.858c537e533ea929e5f6837a6a23a918.jpg,1,0,0,0,0
Image_23_jpeg.rf.88523fb517a115f87ce9a69e2a90910d.jpg,0,1,0,0,0
The-perfect-way-to-apply-the-Hot-Spot-Gel_00538_jpg.rf.821c3d31efc8726e4ff09b13f2ee494b.jpg,0,0,0,0,1
69869142_2813720881974689_7556977064478244864_n_jpg.rf.86f4b28079e83a1af56437502504c364.jpg,0,0,0,1,0
Image_58_jpg.rf.8ac8105b46b859198f49218d6f2707bb.jpg,0,1,0,0,0
ringworm-106-_jpg.rf.8b5738ec69789b2ad8fedb9dae357e76.jpg,0,0,0,1,0
Thank-you-all-for-your-support_00016_jpg.rf.8816c060698cc201ddcb3a64b1002bf0.jpg,1,0,0,0,0
mange-16-_jpg.rf.8b5e7d0d8c190d6803150240aad3e605.jpg,0,0,0,0,1
Image_38_jpg.rf.8d6abe7a57a11ef70acee20eac267513.jpg,0,1,0,0,0
mange-29-_jpg.rf.8c0cf8ac246e3b13560b7d8efcf92e4f.jpg,0,0,0,0,1
ringworm-101-_jpg.rf.8839c5255ac7c210185112991db3931d.jpg,0,0,0,1,0
1000010654_x16_jpg.rf.85b59c84008e43b20164b1c706857f0d.jpg,0,0,0,1,0
Image_69_jpg.rf.8bef9d968ce8dfa06dbc60e602cbe0bb.jpg,0,1,0,0,0
hotspot-20-_jpg.rf.8bb4e5161cfe73572884c39facdc0325.jpg,0,0,1,0,0
hotspot-114-_jpg.rf.85e2022755300ce7f72ed50ac405f564.jpg,0,0,0,0,1
1000010656_x16_jpg.rf.8df5e1c04c72353a26b00d6c92dd9f84.jpg,1,0,0,0,0
431b67dc8abef58a33f606ec6d5b2bd00e016900_jpeg_jpg.rf.8c53c1e7839b4fabbfcbc46fc7fb53e8.jpg,0,0,0,0,1
A332365_1_En_4_Fig38_HTML_x4_jpg.rf.8d18609ded978dea076eb0400ac89954.jpg,0,0,0,0,1
ringworm-9-_jpg.rf.8dc4218dcd8f6ccd2980c4c9a1eee691.jpg,0,0,0,1,0
hotspot-68-_jpg.rf.8d9c778ce58236d098ed061e7d607cf2.jpg,1,0,0,0,0
Image_60_jpg.rf.8811938b52bca3cfa49431b2c7e5cf79.jpg,0,1,0,0,0
hotspot-64-_jpg.rf.8b198d446bbdb3fb5a575355e1800b39.jpg,1,0,0,0,0
1000010501_x4_jpg.rf.8d9b5c205f70da96600d0fd066c0c01a.jpg,0,0,0,1,0
1af1e05f9bea841e74c3ef58a2aa86841c3b929c_jpeg_jpg.rf.8e9ae3bdb57d9b7568dbec8357b5a644.jpg,0,0,1,0,1
mange-34-_jpg.rf.8cfb0f68b733ef28222b43a8b931fa64.jpg,0,0,0,0,1
hotspot-70-_jpg.rf.8ef9a75a6933badef68c1c85b6af022b.jpg,1,0,0,0,0
Image_68_jpg.rf.8e0e26e50f94250c81e1f1eef6c33d29.jpg,0,1,0,0,0
mange-36-_jpg.rf.8f5fb461fa240d42127978e83974bd4c.jpg,0,0,0,0,1
May-is-allergy-awareness-month-here-at-The-Shot-Spot_00127_jpg.rf.8e60d43afb43b1e663c9e5bc441cae27.jpg,1,0,0,0,0
HOT-SPOT-IN-DOG-HOW-vet-treated-symptom-prevention_-flea-bite-moist-eczema_dog-itching-000484_png_jpg.rf.8823c766572581e0b02e4a60cc6238df.jpg,0,0,0,0,1
hot-spots-suck_00079_jpg.rf.9063c8340b374716c791b10edcec6048.jpg,1,0,0,0,0
flea_allergy-4-_jpg.rf.915969677634ff316c8c4eabeb7aad9b.jpg,0,0,1,0,0
1000010750_x16_jpg.rf.8717afec5bbb81cc6f8ddc6cb35c1a30.jpg,0,0,0,0,1
ringworm-64-_jpg.rf.9166871605b96782c458f0faa889bef4.jpg,0,0,0,1,0
flea_allergy-73-_jpg.rf.91dbb5f0220e45b04b7ca873a46a4a8e.jpg,0,0,0,0,1
mange-43-_jpg.rf.8748a0b6fc234e48f83997bac686a5ef.jpg,0,0,0,0,1
HOT-SPOT-IN-DOG-HOW-vet-treated-symptom-prevention_-flea-bite-moist-eczema_dog-itching-000497_png_jpg.rf.8ffbb22f7d29922356c339c8e2e6b76e.jpg,0,0,0,0,1
1000010578_x4_jpg.rf.8f1ff1d849ccbad63f29304835409d4a.jpg,0,0,1,0,0
ringworm-135-_jpg.rf.90527e16b58f3386109501362d26f8d2.jpg,0,0,0,1,0
OIP-7-_x16_jpg.rf.8ea5a6442d85783764597aa8be725b50.jpg,0,0,1,0,0
1000010535_x16_jpg.rf.902fac5f9552e9a0450595fe48b6e8d9.jpg,0,0,0,0,1
hotspot-98-_jpg.rf.872123e8b8256067e954d56f6d5d8fcc.jpg,1,0,0,0,0
Image_13_jpg.rf.9283883ed70d3f5e292fd60f23d49bc2.jpg,0,1,0,0,0
Poodle-hotspot-care-000121_png_jpg.rf.9349930192699965a9e2b601b4f1be87.jpg,0,0,1,0,0
hotspot-46-_jpg.rf.90587ea2db25466768802406892231e6.jpg,1,0,0,0,0
1000010744_x16_jpg.rf.93a291d896c9983d1d7e30d12e7acce2.jpg,0,0,1,0,0
mange-33-_jpg.rf.93f9a134b6c1a4f8737ef54f9ef1ce32.jpg,0,0,0,0,1
May-is-allergy-awareness-month-here-at-The-Shot-Spot_02323_jpg.rf.93a152b2eee27abc2752d0adf5128ef4.jpg,0,0,1,0,0
HOT-SPOT-IN-DOG-HOW-vet-treated-symptom-prevention_-flea-bite-moist-eczema_dog-itching-000487_png_jpg.rf.92aa342f4dd3ebfdf3ecbf5338954656.jpg,0,0,0,0,1
hotspot-25-_jpg.rf.87ee391c30b8f922d9ee836e31c51fcf.jpg,0,0,0,1,0
Image_14_jpeg.rf.8fe4cf57283656384d90e1d0e1b3d614.jpg,0,1,0,0,0
hot-spots-suck_00103_jpg.rf.947249bd1cbcd4a686a9ccb59119531e.jpg,1,0,0,0,0
ringworm-54-_jpg.rf.94d020565ee922b8a5df22bd66b9e105.jpg,0,0,0,1,0
HOT-SPOT-IN-DOG-HOW-vet-treated-symptom-prevention_-flea-bite-moist-eczema_dog-itching-000359_png_jpg.rf.95e912d69462ad1d359a75cd18744b31.jpg,1,0,0,0,0
Hot-Spot-on-_Chance_-How-to-treat-a-dog-that-you-can_t-touch_-000618_png_jpg.rf.970beef29db6202407b43f8190bec959.jpg,1,0,0,0,0
hotspot-83-_jpg.rf.960ed8a8dc9ac89c58a427100d7671bd.jpg,1,0,0,0,0
1000010700_x16_jpg.rf.96f331dbd2297da1cbc3deb01778ec86.jpg,0,0,1,0,0
Image_23_jpg.rf.986363b79b5f162ab0049c7b1c627913.jpg,0,1,0,0,0
mange-1-_jpg.rf.96980ee6e4f666bcf3437df0251bf0e8.jpg,0,0,0,0,1
Hot-Spot-on-_Chance_-How-to-treat-a-dog-that-you-can_t-touch_-000617_png_jpg.rf.965c6fca9670eee6cd2724b179c4e702.jpg,1,0,0,0,0
Reply-to-don-t-let-your-dog-suffer-in-silence_00009_jpg.rf.989dce7a73b40d1bbbd182fb4253e08b.jpg,1,0,0,0,0
9-Bulla-Q9-jpg_jpg.rf.959816910a7aa5b946daa8a5dc6be9f6.jpg,0,0,0,0,1
May-is-allergy-awareness-month-here-at-The-Shot-Spot_01867_jpg.rf.959db0abd9d9c967704d5493f9ece849.jpg,1,0,1,0,0
mange-24-_jpg.rf.947c6f5975d4e86fa2396b0fc4596147.jpg,0,0,1,0,0
ringworm-92-_jpg.rf.9426527feedb3facc3a761dc0914286e.jpg,0,0,0,1,0
hotspot-77-_jpg.rf.99650006202123a15026500cb0b34691.jpg,1,0,0,0,0
HOT-SPOT-IN-DOG-HOW-vet-treated-symptom-prevention_-flea-bite-moist-eczema_dog-itching-000475_png_jpg.rf.99ea691137581d6d55c2376432645a87.jpg,0,0,0,0,1
Image_27_jpg.rf.9a4ce9d10cef211a4a397285c01ccf95.jpg,0,1,0,0,0
HOT-SPOT-IN-DOG-HOW-vet-treated-symptom-prevention_-flea-bite-moist-eczema_dog-itching-000467_png_jpg.rf.96e8580e82da1253c95edbcee4374889.jpg,0,0,0,0,1
mange-3-_jpg.rf.95a0d35224722343d4b19710c4192427.jpg,0,0,0,0,1
Image_76_jpg.rf.9579a2b038a83c6acb3207b80d73b46d.jpg,0,1,0,0,0
hotspot-54-_jpg.rf.99fd4852adad5339472bf2d7552cf4af.jpg,1,0,0,0,0
Image_13_jpg.rf.978d5aab485ba5369aa115b7a7db9c9b.jpg,0,1,0,0,0
1000011983_x4_jpg.rf.9ab45f73e4c41208347ce9127e324f3b.jpg,0,0,0,1,1
Image_22_jpg.rf.988bf18661173f5ad132cff863cedf95.jpg,0,1,0,0,0
hotspot-85-_jpg.rf.9aa863fb2b011eed3819616353eaf305.jpg,1,0,0,0,0
ringworm-147-_jpg.rf.9b8de8ffa9ea95af8394b9f9f796bd8e.jpg,0,0,0,1,0
May-is-allergy-awareness-month-here-at-The-Shot-Spot_01375_jpg.rf.93ba17568723cbb84e1e1a24d3b4b468.jpg,0,0,1,0,0
Image_22_jpg.rf.9adf4d550150d6451be360615dd1566d.jpg,0,1,0,0,0
Hot-Spot-on-_Chance_-How-to-treat-a-dog-that-you-can_t-touch_-000623_png_jpg.rf.9afb5bedd0a78ac41d533e624dfe23a2.jpg,1,0,0,0,0
hotspot-116-_jpg.rf.9d5c40518d1711f1b3e1d268fbe97162.jpg,0,0,0,0,1
ringworm-30-_jpg.rf.9d7acf651a8d08831271d599b2cafe2b.jpg,0,0,0,1,0
Hot-Spot-on-_Chance_-How-to-treat-a-dog-that-you-can_t-touch_-000626_png_jpg.rf.9b9e61d06c9e44f842128c79a777dd2e.jpg,1,0,0,0,0
Image_69_jpg.rf.9e974e9de83d0c9b792c46cbf9da1427.jpg,0,1,0,0,0
hotspot-50-_jpg.rf.9d22b9a788ba05a7c2a77957cfc83815.jpg,0,0,0,1,0
1000010687_x16_jpg.rf.9c56a60555c9388095268990ddbd8d2b.jpg,0,0,0,0,1
ringworm-67-_jpg.rf.9e4d9510fdc3d7b0987543413af34117.jpg,0,0,0,1,0
ringworm-131-_jpg.rf.9eadec9c2f321b934a00a78116655cf3.jpg,0,0,0,1,0
mange-26-_jpg.rf.9b5a0a0f4fc48f6dfe882c58bd89f89c.jpg,0,0,0,0,1
Owners-usually-don-t-get-a-good-vote-of-just-how-big-hotspots_00361_jpg.rf.9ee3dd4e297dc7a355fc4e154dfe67aa.jpg,0,0,0,1,0
342211074_1010000213718052_3587685332630184295_n_jpg.rf.9f655e8671a2cfe4913826de99aabe4d.jpg,1,0,0,0,0
flea_allergy-47-_jpg.rf.908ffbb9d229223fc9a058744722a97d.jpg,0,0,0,1,0
May-is-allergy-awareness-month-here-at-The-Shot-Spot_01366_jpg.rf.9d987eab3a5e74c0ecc3ef4d0b1b3cae.jpg,0,0,1,0,0
flea_allergy-30-_jpg.rf.9bd01cdc002cd16d4b27b1fe86ed04e7.jpg,0,0,1,0,0
flea_allergy-51-_jpg.rf.9f74b0c0bfb8c1ef90cbfd1dc99e123b.jpg,0,0,1,0,0
ringworm-42-_jpg.rf.9f04fa9e482a960922a96b961405c028.jpg,0,0,0,1,0
ringworm-22-_jpg.rf.a21f298997eea6cf7e2f1c5131dd10c5.jpg,0,0,0,1,0
May-is-allergy-awareness-month-here-at-The-Shot-Spot_01870_jpg.rf.a0f5ad6b02d8e034da15f5261e696152.jpg,1,0,1,0,0
ringworm-124-_jpg.rf.9f8bcc77a2bca063b0d045699201106b.jpg,0,0,0,1,0
ringworm-13-_jpg.rf.a01704702ed41bda9a77852f7942667f.jpg,0,0,0,1,0
May-is-allergy-awareness-month-here-at-The-Shot-Spot_02191_jpg.rf.a03f3efb84f6d46bb8db1be42d0ab409.jpg,0,0,1,0,0
Image_58_jpg.rf.9f99bdea682a274dc8fda36d8e7bcb0b.jpg,0,1,0,0,0
May-is-allergy-awareness-month-here-at-The-Shot-Spot_00004_jpg.rf.9d32c92efaccd179fcdb541c383d4d8f.jpg,1,0,0,0,0
Image_80_jpg.rf.a1dbca96b0a4e9d70c4ca95dec927279.jpg,0,1,0,0,0
Image_7_jpg.rf.9dec55165c25d4377214b2bde804862e.jpg,0,1,0,0,0
1000010701_x16_jpg.rf.a26a12f69b162de15a1e12cbdbb9df52.jpg,1,0,0,0,0
Image_11_jpg.rf.9d0a0bd485c6bae703299b8482cef313.jpg,0,1,0,0,0
Image_82_jpg.rf.a106cd00547463e02e4819dbc1746801.jpg,0,1,0,0,0
OIP-8-_x16_jpg.rf.a24b528e4fbc0e7efcd672a993651368.jpg,0,0,0,1,0
hotspot-69-_jpg.rf.a20a33fbbc8730d7ca43ce52c3c145fb.jpg,1,0,0,0,0
hotspot-52-_jpg.rf.a048fbfdfe6aac9face0460c3779c8b8.jpg,1,0,0,0,0
flea_allergy-62-_jpg.rf.a529f7ca70e3b74b859159f01641d031.jpg,0,0,0,0,1
Poodle-hotspot-care-000114_png_jpg.rf.a4c4c7234e2c5c7ae6d6e05cab070b01.jpg,0,0,1,0,0
Image_62_jpg.rf.a3a84faa86f949c1ea10b22752b2ff82.jpg,0,1,0,0,0
Hot-Spot-on-_Chance_-How-to-treat-a-dog-that-you-can_t-touch_-000620_png_jpg.rf.9d33b5ca2e33515eed0baa88fc2a2472.jpg,1,0,0,0,0
ringworm-132-_jpg.rf.a46c6641b219b25f03206f0c63361ec4.jpg,0,0,0,1,0
1000010548_x16_jpg.rf.9db1814bac86bd3e699f48dfc753b937.jpg,0,0,0,0,1
flea_allergy-69-_jpg.rf.a574b3d66836322000c32243d94db00f.jpg,0,0,1,0,0
1000010554_x16_jpg.rf.a3408bdcf4a88cd455f22670c90a9a40.jpg,0,0,0,0,1
flea_allergy-50-_jpg.rf.a5750e7712c0bd8af4373ac0ad7b987e.jpg,0,0,1,0,0
Poodle-hotspot-care-000002_png_jpg.rf.9cacb99d5d1edcbd1ba62e83c66e77df.jpg,0,0,1,0,0
Image_13_jpg.rf.a5bd703c852f9c4e2acbe1384d1ad825.jpg,0,1,0,0,0
296327617_10223333354745759_96123069612573010_n_jpg.rf.a584c1aacc9db1b91db9d1726b8a9c24.jpg,1,0,0,0,0
1000010575_x16_jpg.rf.a5bfdcda891d12320204b7492491485c.jpg,1,0,0,0,0
HOT-SPOT-IN-DOG-HOW-vet-treated-symptom-prevention_-flea-bite-moist-eczema_dog-itching-000460_png_jpg.rf.a590a76a4d435d6abfe2db962bac26ef.jpg,0,0,0,0,1
Day-4-of-ringworm-treatment_00341_jpg.rf.a66f8267a13ce1432208e50b6d80aaeb.jpg,0,0,0,1,0
1000011982_x4_jpg.rf.9effe8eb7ba4dcfb325a6a90b48da1b2.jpg,0,0,0,1,0
flea_allergy-59-_jpg.rf.a98685035b7bb816e3b0cf2ac223a552.jpg,0,0,1,0,0
mange-45-_jpg.rf.a70a4ee69cfe14497a70bc8cf04f0aa3.jpg,0,0,0,0,1
1000011974_x4_jpg.rf.a7f8c6160e91b7a513b6201c95f19722.jpg,0,0,0,1,0
ringworm-26-_jpg.rf.a95ec6cc110483a76acd596124487cd9.jpg,0,0,0,1,0
mange-27-_jpg.rf.a08a0429c355682532afe2becf241410.jpg,0,0,0,0,1
flea_allergy-10-_jpg.rf.a69b6fa93da14f1e18bf493b8eec1b82.jpg,0,0,0,1,0
1000010627_x4_jpg.rf.ab081312b65bd45d4e40fb23a0611759.jpg,0,0,1,0,0
May-is-allergy-awareness-month-here-at-The-Shot-Spot_01567_jpg.rf.a9d06ad5a8e7f082c522bba0c8bccc3c.jpg,0,0,1,0,0
1000011973_x4_jpg.rf.a82dd75af4b87c4611a3c7211c2a7174.jpg,1,0,0,0,0
May-is-allergy-awareness-month-here-at-The-Shot-Spot_00013_jpg.rf.a9e7684f686a006672b800fbf82928c6.jpg,0,0,1,0,0
Image_24_jpg.rf.a70608893d97942233e797f6c1b84143.jpg,0,1,0,0,0
ringworm-100-_jpg.rf.ac0c9986598935f48503c2bfd2abaeed.jpg,0,0,0,1,0
Image_25_jpg.rf.a65ccf455f9b2109cbfa3e0a289661c8.jpg,0,1,0,0,0
1000010613_x4_jpg.rf.a6d5bd5f1d942c075735c6440acdc453.jpg,0,0,0,1,0
HOT-SPOT-IN-DOG-HOW-vet-treated-symptom-prevention_-flea-bite-moist-eczema_dog-itching-000495_png_jpg.rf.a9c6decf7762ebf08ac3535a5fc5718f.jpg,0,0,0,0,1
ringworm-16-_jpg.rf.ace40c9c508817c167f28650da221128.jpg,0,0,0,1,0
hotspot-106-_jpg.rf.ac568ef19b7368c9b0f6634a430b5a98.jpg,0,0,0,0,1
1000010614_x4_jpg.rf.a9e25e2510f8831cdcf8de092fb86a46.jpg,1,0,0,0,0
Image_83_jpg.rf.ad416339fc8e042a92906c7b815cb3f0.jpg,0,1,0,0,0
ringworm-62-_jpg.rf.ae6f9fd2874033cebf83e4975f6f09a7.jpg,0,0,0,1,0
HOT-SPOT-IN-DOG-HOW-vet-treated-symptom-prevention_-flea-bite-moist-eczema_dog-itching-000483_png_jpg.rf.abd39d1581ba5183305605fd0bf3c62a.jpg,0,0,0,0,1
1000010640_x16_jpg.rf.a811b173946acfe1e88ec8afb98ecd56.jpg,0,0,0,1,0
mange-47-_jpg.rf.a852fc2a8955940b2c0ac2a33a2dc6d0.jpg,0,0,0,0,1
May-is-allergy-awareness-month-here-at-The-Shot-Spot_01387_jpg.rf.b0715d1f3cf4695868e979b5817edced.jpg,0,0,1,0,0
flea_allergy-19-_jpg.rf.b0dab04c317a7140f5ce89f8f6b35751.jpg,0,0,1,0,0
Image_77_jpg.rf.af22941184901acaadd948ff3ce14191.jpg,0,1,0,0,0
mange-20-_jpg.rf.b17aa9e3a5af20ea684d918536405e84.jpg,0,0,0,0,1
1000010771_x16_jpg.rf.b007533d69acb25dfd1103f7b222cd23.jpg,0,0,1,0,0
1000010579_x4_jpg.rf.ac72e468de8d5aa16c9e4d3fbff8af2d.jpg,0,0,0,0,1
hotspot-11-_jpg.rf.b15c3ff4c41e1c55ff736bc207d6b8d5.jpg,1,0,0,0,0
hotspot-22-_jpg.rf.ad5e19e4acfb70a1039b9f1a1b05761c.jpg,1,0,0,0,0
Image_128_jpg.rf.af0469ee2741fd5d5346d73191c24574.jpg,0,1,0,0,0
1000010731_x16_jpg.rf.ac052eeb442bc24995ef4c521050f093.jpg,0,0,0,0,1
ringworm-145-_jpg.rf.af19e2e877940fa307e9d32bf1ab1d2c.jpg,0,0,0,1,0
Poodle-hotspot-care-000112_png_jpg.rf.af0e8abe14a298d21476080e8587bd34.jpg,0,0,1,0,0
Image_23_jpg.rf.ad7654f547ec32bbda195f86c91c28dd.jpg,0,1,0,0,0
Image_12_jpeg.rf.ae2c4e71389d22e9537ed22c2d6e6045.jpg,0,1,0,0,0
1000010618_x4_jpg.rf.b1d11570e4d4d05578a00a0ad973be58.jpg,0,0,0,0,1
Poodle-hotspot-care-000127_png_jpg.rf.b30e7fb588e1491080f7fbf6787c2867.jpg,0,0,1,0,0
Image_48_jpg.rf.b2dbc63636db211cdd2dedc893948e60.jpg,0,1,0,0,0
Canine_lick_granuloma_jpg.rf.b30ac3f9b3298aba0ae2a262155fe0c9.jpg,0,0,0,0,1
flea_allergy-15-_jpg.rf.b1c1908ac452856d559970a84b430ebe.jpg,0,0,1,0,0
The-perfect-way-to-apply-the-Hot-Spot-Gel_00541_jpg.rf.b31dff3461176a849a14be36be5e06db.jpg,1,0,0,0,0
ringworm-128-_jpg.rf.b394a5e1d817ed94fd577c030b186450.jpg,0,0,0,1,0
hotspot-41-_jpg.rf.b279cf8b83741c5ee60db43cf561de4a.jpg,0,0,0,1,0
HOT-SPOT-IN-DOG-HOW-vet-treated-symptom-prevention_-flea-bite-moist-eczema_dog-itching-000457_png_jpg.rf.b5410f16e7dfd0e90599434f635a7d83.jpg,0,0,0,0,1
ringworm-133-_jpg.rf.ae50f3f7c691b12d0accb3c61b665362.jpg,0,0,0,1,0
ringworm-108-_jpg.rf.b3840e51470c8e4c42dd43be359c2d03.jpg,0,0,0,1,0
mange-35-_jpg.rf.b3b6c51f846d60e0102b1dd687b8eee1.jpg,0,0,0,0,1
Image_7_jpg.rf.b1a1382f4c81814564dbf0a1cd52359a.jpg,0,1,0,0,0
Image_45_webp.rf.b33c3801f5ef5b3297019ca374bb8487.jpg,0,1,0,0,0
ringworm-29-_jpg.rf.b1a3d94a3b9b86e69214ea3ca0fb2354.jpg,0,0,0,1,0
hotspot-13-_jpg.rf.b197c3890f34599991979d5e302f7143.jpg,1,0,0,0,0
HOT-SPOT-IN-DOG-HOW-vet-treated-symptom-prevention_-flea-bite-moist-eczema_dog-itching-000360_png_jpg.rf.b5b74689fe54fe091ce4aaa71be7034f.jpg,0,0,0,0,1
Image_31_jpg.rf.b677055e8add2b3331e5aecbcc152f77.jpg,0,1,0,0,0
Image_103_png.rf.b6bd9ded4626b977a1dd1fda7c3179cb.jpg,0,1,0,0,0
1000010777_x4_jpg.rf.b6a60ee0989c75840466b48a93500859.jpg,0,0,0,0,1
flea_allergy-70-_jpg.rf.b78dee7b0bc034676baa8576fe7a438c.jpg,0,0,1,0,0
I-thought-this-was-an-Ingrown-hair-in-my-dogs-toe-grass-seed-removal-000002_png_jpg.rf.b544d595f87a8e8f966001d0a1b7bcd8.jpg,0,0,0,1,0
1000010530_x16_jpg.rf.b301193b8b3720ed4294a1afc9679826.jpg,0,0,0,0,1
flea_allergy-82-_jpg.rf.b64aaff7fd854d27d31ec5bb2784e5f1.jpg,0,0,1,0,0
Owners-usually-don-t-get-a-good-vote-of-just-how-big-hotspots_00029_jpg.rf.b808f7dd8187fa484a804cae272ed3fa.jpg,0,0,1,0,0
ringworm-31-_jpg.rf.b6764000e51d6c2bf66a94e56644eb84.jpg,0,0,0,1,0
Poodle-hotspot-care-000111_png_jpg.rf.b55713ffeb3f50c035f7413013a6625d.jpg,0,0,1,0,0
1000010644_x16_jpg.rf.b85aa785cbad4a8d2dad18c15b7a8c27.jpg,0,0,0,1,0
ringworm-116-_jpg.rf.b81e54db77dee1f63074c9001acb785d.jpg,0,0,0,1,0
flea_allergy-92-_jpg.rf.b95cbc61ce8ad23fef10513618114202.jpg,0,0,1,0,0
May-is-allergy-awareness-month-here-at-The-Shot-Spot_02314_jpg.rf.b6cb390d4ca0e4b434429febe9177c82.jpg,0,0,1,0,0
231160892_518946332645147_3656949587182572307_n_jpg.rf.b80b037c661b0407286e9f538dac3356.jpg,1,0,1,0,0
1000010531_x16_jpg.rf.b810a58ddeeadd29d0e9662fc607bb16.jpg,0,0,0,0,1
Owners-usually-don-t-get-a-good-vote-of-just-how-big-hotspots_00037_jpg.rf.ba14154150a9d003e95cc863d82db08b.jpg,0,0,1,0,0
Image_19_jpg.rf.b77a04489b294f97b37a216859c60208.jpg,0,1,0,0,0
ringworm-123-_jpg.rf.b91c40498c14fd8109d96cdf364bb26b.jpg,0,0,0,1,0
1000010631_x4_jpg.rf.ba631f153a1fd00463536b6cd77f9ed0.jpg,0,0,0,0,1
ringworm-102-_jpg.rf.b8ebf84d5f353a4cbfe67822e464d3b4.jpg,0,0,0,1,0
Image_30_jpg.rf.b605c6d87ffe8b6ca35512fee48b3666.jpg,0,1,0,0,0
1000010510_x4_jpg.rf.afb6713fda100f637603540eec8506a6.jpg,0,0,1,0,0
1000010597_x4_jpg.rf.bb00414b57e6124306571af9ba510af4.jpg,1,0,0,0,0
Image_10_jpeg.rf.ba5ab34b49676b4cfc40b6a0a306c6d2.jpg,0,1,0,0,0
Poodle-hotspot-care-000117_png_jpg.rf.bc8349d597cf69246d02444d10ffa38b.jpg,0,0,1,0,0
flea_allergy-32-_jpg.rf.bb0db5af709b59375d62a327dbb34f34.jpg,0,0,1,0,0
64273431_2293314670920876_8293030331825520640_n_jpg.rf.baf3e99b921850a38955f0a163e72883.jpg,0,0,1,0,0
flea_allergy-17-_jpg.rf.bccbd89a72f8c8fc7c4b6a4343756afd.jpg,0,0,1,0,0
1000010775_x16_jpg.rf.bb9417ddfe7732430acde01b12419362.jpg,0,0,0,0,1
Image_7_jpg.rf.bc6627c257deea955d7e1be24c77917e.jpg,0,1,0,0,0
May-is-allergy-awareness-month-here-at-The-Shot-Spot_01363_jpg.rf.ba99c668b247906061ac08eb6c5f2863.jpg,0,0,0,1,0
Image_15_jpg.rf.bba131f89f2981e160409b7576199857.jpg,0,1,0,0,0
Image_15_jpg.rf.bc8b4b1eab33d0c8234842089ce1d585.jpg,0,1,0,0,0
Image_2_jpg.rf.bcedbbba1605f3cd5c5c4c71754d3c64.jpg,0,1,0,0,0
mange-59-_jpg.rf.bf180296df9c84dd37bd328bf1b0bbef.jpg,0,0,0,0,1
1000010697_x16_jpg.rf.bdb9c83f49f719c9287ee0338fd42ac5.jpg,0,0,0,0,1
red-dog-rash-under-front-legs-on-groin-is-getting-worse-21762877_x4_jpg.rf.bd78f3ca71c801742dcfe50f0f43048b.jpg,0,0,0,0,1
hotspot-94-_jpg.rf.bc73eb93ed8bd1e97998e45fd63c3d3b.jpg,1,0,0,0,0
ringworm-86-_jpg.rf.bbe66de077917fa4fd9dd6c28c41513e.jpg,0,0,0,1,0
ringworm-34-_jpg.rf.bf77aba844be159dbb30d3687df05e47.jpg,0,0,0,1,0
Image_21_jpg.rf.b82642a87a147003fcb6021b1916bebf.jpg,0,1,0,0,0
hot-spots-suck_00235_jpg.rf.bb6051b424445c6e28ac4d8d642a36e1.jpg,1,0,0,0,0
Image_74_jpg.rf.bdb89175a24db388c520ba97b398e424.jpg,0,1,0,0,0
HOT-SPOT-IN-DOG-HOW-vet-treated-symptom-prevention_-flea-bite-moist-eczema_dog-itching-000152_png_jpg.rf.bbb06158423098b0ebd2fc1249c8abb7.jpg,0,0,0,1,0
I-thought-this-was-an-Ingrown-hair-in-my-dogs-toe-grass-seed-removal-000001_png_jpg.rf.bd31719dd88874eb27ba6836c6eec705.jpg,0,0,0,1,0
1000010566_x16_jpg.rf.bdc9f2dacecc3fc0bae8a7d91185c5fe.jpg,0,0,0,1,0
ringworm-156-_jpg.rf.be81fb91ea2c4843808b35b3e8a1b979.jpg,0,0,0,1,0
ringworm-96-_jpg.rf.be85a3dfb16d08f760310442a8c4c656.jpg,0,0,0,1,0
1000010521_x16_jpg.rf.bfbdcc8b42d8ca24c1521e62b0598866.jpg,0,0,0,0,1
1000011972_x4_jpg.rf.bda576075dcccccf6422c3b274764022.jpg,0,0,1,0,0
hotspot-17-_jpg.rf.bfa920d9d47b04d3f555406d76e28bdb.jpg,0,0,0,1,0
1000010600_x4_jpg.rf.0111ade1a7903ae34909e0f09df10fc2.jpg,0,0,0,0,1
Owners-usually-don-t-get-a-good-vote-of-just-how-big-hotspots_00353_jpg.rf.013fb58fefadd2b7bea0ead356c49ea3.jpg,0,0,1,0,0
hotspot-61-_jpg.rf.037dd6257348567c379766e43177f0ef.jpg,1,0,0,0,0
83553740_2666988543398149_7829973956135223296_n_jpg.rf.03370e745e5bda47d1756ca0e19dc03c.jpg,1,0,0,0,0
hotspot-36-_jpg.rf.01f1a5037a29db83b352dca8b1725800.jpg,1,0,0,0,0
Image_66_jpg.rf.0177747c6263900078620e0e5e1e5fe0.jpg,0,1,0,0,0
1000010523_x4_jpg.rf.02e92e335438611879bf52075a43567b.jpg,0,0,1,0,0
OIP-2-_x16_jpg.rf.010a2c564ae08bf5b3f99a148ddd97bc.jpg,0,0,1,0,0
flea_allergy-6-_jpg.rf.015ed3643ef9a15a476db1a0e7cf9ee7.jpg,0,0,1,0,0
hot-spots-suck_00232_jpg.rf.06f036cc7d41e1aaeb24087f19dd0651.jpg,1,0,0,0,0
ringworm-129-_jpg.rf.06820080516a74b4be85bdc6c19360b0.jpg,0,0,0,1,0
d85e1b1ef2729146347282b867275414_jpg.rf.00cf757a08e187f2db296c94619d3312.jpg,0,0,0,0,1
mange-58-_jpg.rf.070711aa929088f5451386b67eb20372.jpg,0,0,0,0,1
Image_80_jpg.rf.06d4496f0a29691ba59ebc4711b07a9c.jpg,0,1,0,0,0
hotspot-34-_jpg.rf.08325e9624087bc8c3fa7abc1926ece6.jpg,1,0,0,0,0
80b5eb_799a7e6d4c1444318ee3e4280_jpg.rf.08ad3e82f02b2279d2991b1ef6e7c0b8.jpg,0,0,0,1,0
mange-39-_jpg.rf.08a8ac367cdfc7dce55873ea7a434d9c.jpg,1,0,0,0,0
ringworm-127-_jpg.rf.0314de4a8afaf1c7c59ab941863a2ace.jpg,0,0,0,1,0
90d1b2e80bd3a66d9de4a757d98ac54e448e0a04_jpeg_jpg.rf.07c7c02e057a4646336a76ca68dc922a.jpg,0,0,0,0,1
83482425_2666988283398175_4819098995697647616_n_jpg.rf.0a5a64cafcc3fe0cdb936536f035063f.jpg,1,0,0,0,0
IMG_4525_jpg.rf.015901b1601a6dffd0cd2dc2dd6f08c5.jpg,1,0,0,0,0
plaque-225x300_x16_jpg.rf.0ae5214bbd59c357148f0199ce583a46.jpg,0,0,1,0,0
HOT-SPOT-IN-DOG-HOW-vet-treated-symptom-prevention_-flea-bite-moist-eczema_dog-itching-000478_png_jpg.rf.03cc9badce2c4182fbccbe29feca139a.jpg,0,0,0,0,1
hotspot-57-_jpg.rf.09c93f4d663187ef6718e2edae3cb6f5.jpg,1,0,0,0,0
ringworm-157-_jpg.rf.028f3188b764c155c22a1e5d90c2daf1.jpg,0,0,0,1,0
1000010590_x4_jpg.rf.0b5c5bc6490272029166a6753e7adaf9.jpg,1,0,0,0,0
Image_30_jpg.rf.0b72e42240e015b2c8a5f45840941aa6.jpg,0,1,0,0,0
1000010680_x16_jpg.rf.0a3190f4a30cc7dd50b8c152e54c9468.jpg,1,0,0,0,0
1000010577_x4_jpg.rf.05e7303a6e81a776b46e5595df15ff0b.jpg,1,0,0,0,0
Poodle-hotspot-care-000001_png_jpg.rf.0bf226fc044a31b2c34368a84eaa2989.jpg,0,0,1,0,0
Image_51_jpg.rf.0b2f387fb2aebeb263c02b503dabd33b.jpg,0,1,0,0,0
Image_8_jpg.rf.05d5f1f37051f3cbe3896bf2b6312489.jpg,0,1,0,0,0
May-is-allergy-awareness-month-here-at-The-Shot-Spot_00028_jpg.rf.0b5b6216e31cc32c8972b384f8fb7932.jpg,0,0,1,0,0
HOT-SPOT-IN-DOG-HOW-vet-treated-symptom-prevention_-flea-bite-moist-eczema_dog-itching-000466_png_jpg.rf.03e4d874782845dd542d4766e1da9f8a.jpg,0,0,1,0,0
Image_35_jpg.rf.05ed9f43a7c6d3f690eeb6c711133329.jpg,0,1,0,0,0
69779474_2813720978641346_3471018570912104448_n_jpg.rf.0bf94e9b74bd4087d7ae12b50a46bd87.jpg,0,0,0,1,0
Poodle-hotspot-care-000125_png_jpg.rf.09b51ea566ed49ce9b8edd57a6257e4e.jpg,0,0,1,0,0
1000010778_x16_jpg.rf.0c2caf5986f43d2be888805e654d7aac.jpg,1,0,0,0,0
ringworm-45-_jpg.rf.0c5fd36a5f1e3e2ab2d7c11061d6c441.jpg,0,0,0,1,0
Image_42_jpg.rf.0d0751a864159e50d4393858b7b90fc0.jpg,0,1,0,0,0
mange-38-_jpg.rf.0ce521caffef1274d698156f568da53e.jpg,1,0,0,0,0
Poodle-hotspot-care-000004_png_jpg.rf.0c71be37c7470463ece3ff6c9add6908.jpg,0,0,1,0,0
May-is-allergy-awareness-month-here-at-The-Shot-Spot_01666_jpg.rf.0d97c4c65312a62dbc5b48766e98cc15.jpg,0,0,1,0,0
Image_40_jpg.rf.05deb004e6eb8b50cea8dc85af2aff3f.jpg,0,1,0,0,0
Image_84_jpg.rf.0d91491e35a9223be143c6621a40ffc3.jpg,0,1,0,0,0
Thank-you-all-for-your-support_00007_jpg.rf.0dbd607d34353a4252e9b1f3866bbac4.jpg,1,0,0,0,0
OIP-16-_x16_jpg.rf.0c46d5e949b5adfcfdf6930032e4e36d.jpg,0,0,0,0,1
1000010511_x16_jpg.rf.0df8537b5801810fccf4fd99a634c2d0.jpg,1,0,0,0,0
ringworm-63-_jpg.rf.021273f212e418d31db72caf109cf22e.jpg,0,0,0,1,0
flea_allergy-89-_jpg.rf.0ccb7c97830f9ac5522866e975464533.jpg,0,0,1,0,0
I-thought-this-was-an-Ingrown-hair-in-my-dogs-toe-grass-seed-removal-000004_png_jpg.rf.0e9b120219c4d096f844d1ec63d742c9.jpg,0,0,0,1,0
flea_allergy-9-_jpg.rf.0de98179d691113dd18c35fe99b74253.jpg,0,0,1,0,0
ringworm-158-_jpg.rf.049e8c2b70213ecf8e7fae699acbe97a.jpg,0,0,0,1,0
OIP-18-_x16_jpg.rf.0dac0ecf37e6a5f00e9deb9ca3de5ab3.jpg,0,0,1,0,0
1000010629_x4_jpg.rf.03b778a9e0d221a7b1a2aa2e439843c6.jpg,0,0,0,0,1
May-is-allergy-awareness-month-here-at-The-Shot-Spot_01654_jpg.rf.0ecaf3046c8b0f7d115d2684f96cbe64.jpg,0,0,1,0,0
May-is-allergy-awareness-month-here-at-The-Shot-Spot_00070_jpg.rf.0f76a2b5556b71436c3dc7f7bf394ec8.jpg,1,0,0,0,0
Image_64_jpg.rf.0663687a3720357d355ad9e71696b86c.jpg,0,1,0,0,0
May-is-allergy-awareness-month-here-at-The-Shot-Spot_00547_jpg.rf.03f3db08db644dee16a29ebba5ef41df.jpg,0,0,1,0,0
Poodle-hotspot-care-000126_png_jpg.rf.1081366c691e32302fdcc18de40871ce.jpg,0,0,1,0,0
flea_allergy-39-_jpg.rf.0ebd016c971106f2e897dee839c2d43e.jpg,0,0,1,0,0
hot-spots-suck_00085_jpg.rf.03d2fcacd47c7b3ba8ee6c3a6c8f8441.jpg,1,0,0,0,0
OIP-3-_x16_jpg.rf.0f1726cfbe91562a35a263b94453f3ea.jpg,1,0,0,0,0
1000010633_x16_jpg.rf.07dd582f0fbe60600566241c0916ca62.jpg,0,0,0,0,1
flea_allergy-71-_jpg.rf.100a3f47505aa01f188ad0cc5ac046c7.jpg,0,0,1,0,0
May-is-allergy-awareness-month-here-at-The-Shot-Spot_00046_jpg.rf.0f3231ad0de35b9b3325d41bd85400bc.jpg,0,0,1,0,0
ringworm-122-_jpg.rf.0e77676df9281075012d6d5304615a3b.jpg,0,0,0,1,0
The-perfect-way-to-apply-the-Hot-Spot-Gel_00535_jpg.rf.0f32c42ea81569f5dd978190dd6ddfee.jpg,0,0,0,0,1
May-is-allergy-awareness-month-here-at-The-Shot-Spot_00133_jpg.rf.112d78b390249ecd0a1253c0dda6eea6.jpg,0,0,1,0,0
HOT-SPOT-IN-DOG-HOW-vet-treated-symptom-prevention_-flea-bite-moist-eczema_dog-itching-000459_png_jpg.rf.113115589cf08ad848d42403e4595570.jpg,0,0,0,0,1
Image_40_jpg.rf.0ea80236deb9513fef66888feaceef31.jpg,0,1,0,0,0
flea_allergy-58-_jpg.rf.12097df2f5666bc4476dfa9418264d57.jpg,0,0,1,0,0
50_jpg.rf.10743f7bfc28e2d4ba5f9d037d0b21be.jpg,1,0,0,0,0
Image_43_jpg.rf.12bc2eec1d5ffa76fb8e69c4a4ebc479.jpg,0,1,0,0,0
HOT-SPOT-IN-DOG-HOW-vet-treated-symptom-prevention_-flea-bite-moist-eczema_dog-itching-000498_png_jpg.rf.11f4cdb153109164f1c6d7f0ce3e446a.jpg,0,0,0,0,1
Image_49_jpg.rf.10dbfb9b222a03d5963f89e2b21c4e05.jpg,0,1,0,0,0
Image_36_jpg.rf.12c5793909b921634eb4e532a302436c.jpg,0,1,0,0,0
May-is-allergy-awareness-month-here-at-The-Shot-Spot_01873_jpg.rf.13953dc15435c7c62293c4903888dcf8.jpg,1,0,1,0,0
The-perfect-way-to-apply-the-Hot-Spot-Gel_00547_jpg.rf.142fe0a663cc054182681b16cecef239.jpg,0,0,0,0,1
hot-spots-suck_00034_jpg.rf.10649dbd5a24ba9daa86027d1be5c0dd.jpg,1,0,0,0,0
Image_2_png.rf.1660c14f836a6a001b6f3ec8afc3fbfc.jpg,0,1,0,0,0
Image_65_jpg.rf.15ef54476583b94bd82f493e3a405262.jpg,0,1,0,0,0
ringworm-155-_jpg.rf.12b2acacbafb780808ffe3c6ea178c0e.jpg,0,0,0,0,1
Image_3_jpg.rf.145ce71804626d21ba24a1dc85005438.jpg,0,1,0,0,0
HOT-SPOT-IN-DOG-HOW-vet-treated-symptom-prevention_-flea-bite-moist-eczema_dog-itching-000485_png_jpg.rf.11d42656f1130eab5c1639683db24f8a.jpg,0,0,0,0,1
Image_95_jpg.rf.11fe010685300ce8ca096ce822d19354.jpg,0,1,0,0,0
1000010751_x16_jpg.rf.154873cebaf9a87d37d1cf7433f96332.jpg,1,0,0,0,0
The-perfect-way-to-apply-the-Hot-Spot-Gel_00544_jpg.rf.11cccebce4112ca4ea8d417c549a0f3d.jpg,0,0,0,0,1
hotspot-40-_jpg.rf.176bbc125aea8a4a8720cd82134f01e2.jpg,1,0,0,0,0
OIP-12-_x4_jpg.rf.16ca72a807f1e6e1ac798913840ca145.jpg,0,0,0,0,1
mange-62-_jpg.rf.16fcf29f51f5ff358cf07c811278f5fb.jpg,0,0,0,0,1
Image_47_jpg.rf.16cd95b030a43ae9888494d5bb9ac928.jpg,0,1,0,0,0
flea_allergy-25-_jpg.rf.1702b2862febe86289ce865fc4d38120.jpg,0,0,1,0,0
1000010608_x16_jpg.rf.17aed116c8e30ec739a682c9f5b2c148.jpg,1,0,0,0,0
hot-spots-suck_00310_jpg.rf.154453b6d296c47439296d618ebc6ef1.jpg,1,0,0,0,0
May-is-allergy-awareness-month-here-at-The-Shot-Spot_00688_jpg.rf.135afac0d83f0dc43c614877b8fe5620.jpg,0,0,1,0,0
ringworm-6-_jpg.rf.17251733736df9c9dcd8c21468b9edad.jpg,0,0,0,1,0
May-is-allergy-awareness-month-here-at-The-Shot-Spot_01675_jpg.rf.14fa920ee966213337c72b837928ab8c.jpg,0,0,0,0,1
hotspot-5-_jpg.rf.186ff9afc5266d9dc729e1a6a58cf5c3.jpg,1,0,0,0,0
mange-11-_jpg.rf.17689d97d0420c75cc0ef2d854f76dd2.jpg,0,0,0,0,1
1000010512_x4_jpg.rf.189cb9a9dde7b448acc2152b22043604.jpg,0,0,1,0,0
1000010684_x16_jpg.rf.1882c8b9d871668b59435b53a1795d44.jpg,0,0,0,0,1
Poodle-hotspot-care-000124_png_jpg.rf.15c3c69bfde05416a0610384c5fa3b31.jpg,0,0,1,0,0
Image_4_jpg.rf.13ddd4be595006a88eb6d70b9afacce9.jpg,0,1,0,0,0
ringworm-77-_jpg.rf.18a5d7dade2e255b62d3eec23c3789d5.jpg,0,0,0,1,0
ringworm-85-_jpg.rf.190c0e44b98517e5a38902521049d5a8.jpg,0,0,0,1,0
Image_9_jpg.rf.19591e1ab66ceb55713ecdfdc29813fa.jpg,0,1,0,0,0
depositphotos_278064588-stock-photo-selective-focus-dermatitis-disease-dog_jpg.rf.1a6223e573c8135b6ed06f7a548e0887.jpg,1,0,0,0,0
hot-spots-suck_00064_jpg.rf.1dac0f2452b3cdfbca2a407f62fdeb11.jpg,1,0,0,0,0
Image_116_jpg.rf.1d9b5fe0ce000583241d979ef6e0d911.jpg,0,1,0,0,0
May-is-allergy-awareness-month-here-at-The-Shot-Spot_00019_jpg.rf.1c55d12eb492c54cfe54230efe7dbf29.jpg,0,0,1,0,0
Image_19_jpg.rf.1b3274e8bb3586ba9051a7c548b834a0.jpg,0,1,0,0,0
ringworm-105-_jpg.rf.1c33ab1baf54cfc09d28dd269fa35ea9.jpg,0,0,0,1,0
301504804_8729017157124164_3961058354446722962_n_jpg.rf.2175c3abbac80b85ace38f368271d298.jpg,1,0,0,0,0
1000010679_x4_jpg.rf.18ea8394ae23955650883d89eaaf0eeb.jpg,0,0,0,1,0
The-perfect-way-to-apply-the-Hot-Spot-Gel_00550_jpg.rf.213d4e1cc34488061ec62d8f635fbca4.jpg,0,0,0,0,1
1000010592_x4_jpg.rf.19b27581a68fc426a355af079dd98c9c.jpg,0,0,1,0,0
225285168_549389086105304_2027840201124893596_n_jpg.rf.1ec31ce283d120651643124567178e7f.jpg,0,0,0,0,1
Poodle-hotspot-care-000122_png_jpg.rf.20c988826ea713cf51be27a37f34aeed.jpg,0,0,1,0,0
ringworm-99-_jpg.rf.1fa474e25bf963a7a5dfa746d0e542ab.jpg,0,0,0,1,0
Image_89_png.rf.1aaa50e7db47b14741f187045f7f647c.jpg,0,1,0,0,0
340947808_546167834308890_7592465449990658927_n_jpg.rf.18ea49f0561be1a14dd45c9ced208955.jpg,0,0,1,0,0
hotspot-60-_jpg.rf.1f6ed1279940691709c926293d6cc9cf.jpg,1,0,0,0,0
HOT-SPOT-IN-DOG-HOW-vet-treated-symptom-prevention_-flea-bite-moist-eczema_dog-itching-000355_png_jpg.rf.23d18d6790f4e9c1462dc1a2883c9809.jpg,0,0,1,0,0
Image_73_jpg.rf.22ad0b5e9b521d57da84d6a71e34e4f1.jpg,0,1,0,0,0
Owners-usually-don-t-get-a-good-vote-of-just-how-big-hotspots_00017_jpg.rf.1d5707814a2e8a6568cb389ade22b1c1.jpg,0,0,1,0,0
Image_15_jpg.rf.1d9d9a990fac7f33ba552e392add4b56.jpg,0,1,0,0,0
hotspot-16-_jpg.rf.1d7c37f6c202cf5225f5dea4c25fb169.jpg,0,0,0,1,0
hot-spots-suck_00343_jpg.rf.243c819abecb62e2e3f861564319a36a.jpg,1,0,0,0,0
Day-1-of-ringworm-treatment_00001_jpg.rf.1fb79467fd23258f8819f6f422680fa7.jpg,0,0,0,1,0
Day-4-of-ringworm-treatment_00431_jpg.rf.193dcd141ae77801b81be9282e7f0d92.jpg,0,0,0,1,0
hotspot-80-_jpg.rf.2256a5bff5b20c4c3a4110851bd6c6a5.jpg,1,0,0,0,0
1000010667_x16_jpg.rf.2464c0a244993bc428315c80343eb2a9.jpg,0,0,0,1,0
flea_allergy-45-_jpg.rf.24ceceea0db014f3a88f44697913b5af.jpg,0,0,0,1,0
1000010732_x4_jpg.rf.25c4084bca39bb3979a1f0e6c1c3e792.jpg,0,0,0,0,1
ringworm-82-_jpg.rf.21f799d5ce20a721ec57ebc08a073a58.jpg,0,0,0,1,0
Day-4-of-ringworm-treatment_00171_jpg.rf.25c6ac9c5fdee9766c26ca5df8e6e397.jpg,0,0,0,1,0
Image_8_jpg.rf.25a51ac826f183e6e5f4d8b45ca2fde3.jpg,0,1,0,0,0
flea_allergy-12-_jpg.rf.26d5085c09f90ba7306b7c5205960b9f.jpg,0,0,0,1,0
flea_allergy-57-_jpg.rf.25fb37aa7774a3611e98158b45277ad3.jpg,0,0,1,0,0
HOT-SPOT-IN-DOG-HOW-vet-treated-symptom-prevention_-flea-bite-moist-eczema_dog-itching-000501_png_jpg.rf.26d3e34000746c2b1dbda35415db386e.jpg,0,0,0,0,1
1000010621_x4_jpg.rf.282099fdaa5f85f16e5fdfd1bee824e8.jpg,0,0,0,0,1
1000010498_x16_jpg.rf.27b93ad94ee76324f87e088f3be10702.jpg,0,0,0,1,0
Image_68_jpg.rf.27ed29ef4217e513f1e105e6a25005c7.jpg,0,1,0,0,0
hotspot-30-_jpg.rf.2773053a53ee4342b454a28af7d14bcf.jpg,0,0,0,1,0
1000010762_x16_jpg.rf.252a32c409ba5d1e0c9d50c36ebe3ed6.jpg,0,0,0,0,1
Image_3_jpg.rf.263e346900f7973099984fe5c02f57c3.jpg,0,1,0,0,0
hotspot-43-_jpg.rf.29a2ed5a684aca5a7e3b7046df824e54.jpg,0,0,0,0,1
Image_76_jpg.rf.271d74066bf1fea98b601ac349a895c9.jpg,0,1,0,0,0
ringworm-41-_jpg.rf.22148fd9c835ab001249dd5ce8411dc0.jpg,0,0,0,1,0
Image_72_jpg.rf.2ad95493b7053ab585654028a7cbd0b8.jpg,0,1,0,0,0
hot-spots-suck_00322_jpg.rf.277e941f90ad630fdbf2b9f3d8c71ffe.jpg,1,0,0,0,0
Image_14_JPG.rf.2afe5121f2f6876c065292a267c4ba30.jpg,0,1,0,0,0
ringworm-5-_jpg.rf.29375e81dd8dc249420a7bd83e0b9dbe.jpg,0,0,0,1,0
ringworm-91-_jpg.rf.279707774ffeed8293167111119be0a2.jpg,0,0,0,1,0
hot-spots-suck_00076_jpg.rf.2a9c55607374bf2f0baf00f144d2f8b1.jpg,1,0,0,0,0
flea_allergy-63-_jpg.rf.26bf9f6464df4d0f7216c72ad711b116.jpg,0,0,1,0,0
May-is-allergy-awareness-month-here-at-The-Shot-Spot_00526_jpg.rf.2a80e491b1b8f9766235e9cc6432475a.jpg,0,0,1,0,0
Image_67_jpg.rf.2b4d675d4f9846c9e3c29f228911e639.jpg,0,1,0,0,0
HOT-SPOT-IN-DOG-HOW-vet-treated-symptom-prevention_-flea-bite-moist-eczema_dog-itching-000150_png_jpg.rf.2bcf9f94a558fd195d919cceed2c9404.jpg,0,0,0,1,0
1000010765_x4_jpg.rf.2b19318cf6df38dacb90b2d8575828fc.jpg,0,0,1,0,0
1000010753_x16_jpg.rf.2be9b769e5bb9121db83345c068e486f.jpg,1,0,0,0,0
Image_59_jpg.rf.28c7044dedd19b452f0e3d0efb2b68fa.jpg,0,1,0,0,0
1000010774_x4_jpg.rf.24f5de65acf94cf030806ccb448a1677.jpg,1,0,0,0,0
Image_16_jpg.rf.2c8043b46113dc59432ce661519c0410.jpg,0,1,0,0,0
mange-51-_jpg.rf.2d9fa56d53056f71bd90f9f956a8d005.jpg,0,0,0,0,1
Image_101_jpg.rf.2cc8ded89af887393c271b3587ce41c9.jpg,0,1,0,0,0
flea_allergy-85-_jpg.rf.2dfd9bbbe7d99a800926347808148144.jpg,0,0,1,0,0
hotspot-87-_jpg.rf.28df7bee95e9c20dba6acd9d3f13b5a8.jpg,1,0,0,0,0
Image_6_jpg.rf.2c2b39033643aacdcad82ebb11be2f66.jpg,0,1,0,0,0
ringworm-14-_jpg.rf.2ca498fe082b83a23b36fcf3f31067c4.jpg,0,0,0,1,0
ringworm-110-_jpg.rf.2d55727a0c2d2fc7076c6f78302d3ad2.jpg,0,0,0,1,0
Image_79_png.rf.2c5c91492c847f944afc49c8d36b5b40.jpg,0,1,0,0,0
mange-5-_jpg.rf.2ef8d62d8f94badb1b98e80afee39ca0.jpg,0,0,0,0,1
mange-13-_jpg.rf.21a0f06c12879581cb774cc0186af1fe.jpg,0,0,0,0,1
1000010683_x4_jpg.rf.2b0489372f2321a84ca8cced29c6a53a.jpg,1,0,0,0,0
Poodle-hotspot-care-000105_png_jpg.rf.2efefec3b8c9e0498e5b24da022cca41.jpg,0,0,1,0,0
62521167_2293314700920873_300162319286009856_n_jpg.rf.2ee33fa3fed54c3b093200b4b98cb127.jpg,0,0,1,0,0
hotspot-32-_jpg.rf.2e2576fcb62af780f124f1d44ebad432.jpg,0,0,0,0,1
mange-49-_jpg.rf.29d1ce420289c4b6dc89f84a6872ed28.jpg,0,0,0,0,1
HOT-SPOT-IN-DOG-HOW-vet-treated-symptom-prevention_-flea-bite-moist-eczema_dog-itching-000481_png_jpg.rf.31130ffa18388ddf64395d749c10a8fd.jpg,0,0,0,0,1
ringworm-144-_jpg.rf.2f79bf0c1f517bf5d244fc986f8a2dc9.jpg,0,0,0,1,0
ringworm-140-_jpg.rf.2f174c42861ecaec07a1f5c7dc3dac7f.jpg,0,0,0,1,0
flea_allergy-2-_jpg.rf.2fb34b69836d46fe36c20b3b93fab13a.jpg,0,0,1,0,0
1000010628_x4_jpg.rf.2ed0ae28d14a8fb6e753b749d93c072f.jpg,1,0,0,0,0
Poodle-hotspot-care-000106_png_jpg.rf.2f4ede67d9d0923be3e4b37af77037bf.jpg,0,0,1,0,0
hotspot-78-_jpg.rf.30517cd953ddc8664482b249ec658f0b.jpg,1,0,0,0,0
mange-8-_jpg.rf.30f97c1ed986d23be39eca9f6d08a92d.jpg,0,0,0,0,1
flea_allergy-13-_jpg.rf.2f038a6f9419b1255bac78dd44caf96f.jpg,0,0,1,0,0
flea_allergy-68-_jpg.rf.2ff92392df6ed8b1931f0b577788c031.jpg,0,0,1,0,0
hotspot-67-_jpg.rf.2e967d117fd4ef791f52e97658e7f2a9.jpg,1,0,0,0,0
hotspot-10-_jpg.rf.2b4f3c92e69c5b0fa904b49bbcf6d110.jpg,0,0,1,0,0
Poodle-hotspot-care-000005_png_jpg.rf.32cc1700e3953f868ad09bc24201173e.jpg,0,0,1,0,0
1000010652_x16_jpg.rf.3236ab3a2ca4b567393b5d638a848849.jpg,1,0,0,0,0
HOT-SPOT-IN-DOG-HOW-vet-treated-symptom-prevention_-flea-bite-moist-eczema_dog-itching-000356_png_jpg.rf.318e08c60ddb730d98391993dd0e9422.jpg,0,0,0,0,1
flea_allergy-75-_jpg.rf.31e813a950f58fb17a020b2052a735b2.jpg,0,0,1,0,0
Image_77_jpg.rf.32315e6e05abcdd85857442bf5c8b9c0.jpg,0,1,0,0,0
Image_131_jpg.rf.3363cb8806c12c54ce752d1e17755e2e.jpg,0,1,0,0,0
hot-spots-suck_00028_jpg.rf.32980c49403ba73e296a563266b83714.jpg,1,0,0,0,0
1000010757_x16_jpg.rf.32acc8631eb26b11e975b897022008e3.jpg,0,0,1,0,0
HOT-SPOT-IN-DOG-HOW-vet-treated-symptom-prevention_-flea-bite-moist-eczema_dog-itching-000151_png_jpg.rf.3397116923b36c2d36f7f4acc9fe849a.jpg,1,0,0,0,0
flea_allergy-77-_jpg.rf.2ff6d9f21e66c320c7e7efdf59c5720b.jpg,0,0,1,0,0
Image_10_jpg.rf.32ce792fd727f9ebf355778c787c3d45.jpg,0,1,0,0,0
Image_106_jpg.rf.332e78d842bf0a70a674aee0d7dc70d6.jpg,0,1,0,0,0
Image_46_jpg.rf.34846ee5727069d5549c4a116b69818d.jpg,0,1,0,0,0
Image_21_jpg.rf.387fcd6802ed30bf2815c4c109bc1e1e.jpg,0,1,0,0,0
ringworm-139-_jpg.rf.383c499e4a8237ccbfa0ac285bd394b1.jpg,0,0,0,1,0
May-is-allergy-awareness-month-here-at-The-Shot-Spot_01561_jpg.rf.319ee9bea3ef72f13483a7c2d6db237d.jpg,0,0,1,0,0
Image_97_jpeg.rf.354e4929981c03cc12b31406f205f2e5.jpg,0,1,0,0,0
mange-28-_jpg.rf.37e1f2675cc91610b128b5526ff7b55e.jpg,0,0,0,0,1
ringworm-78-_jpg.rf.39422fcd75873f0cb41cf41a1132930e.jpg,0,0,0,1,0
Poodle-hotspot-care-000103_png_jpg.rf.33b8c5e208c380c7764caf1ca7aa8c2c.jpg,0,0,1,0,0
flea_allergy-22-_jpg.rf.38bbbcca4db3056fb8e21fe8a324c341.jpg,0,0,1,0,0
May-is-allergy-awareness-month-here-at-The-Shot-Spot_00082_jpg.rf.363d6f2e4880852c56c67a80d40f0333.jpg,0,0,1,0,0
1000010593_x4_jpg.rf.3aa170aeab75dda0befa14f77019654b.jpg,0,0,0,0,1
ringworm-27-_jpg.rf.387f100bfbe91df44c567ea6a01e750b.jpg,0,0,0,1,0
HOT-SPOT-IN-DOG-HOW-vet-treated-symptom-prevention_-flea-bite-moist-eczema_dog-itching-000494_png_jpg.rf.34d40cf746a4f4066cfb5ff400d5d899.jpg,0,0,0,0,1
ringworm-134-_jpg.rf.3c474dab951ba97aa53a88f827e42e5c.jpg,0,0,0,1,0
Image_29_jpg.rf.3906f5417ee6eaa6ab24609ac5c6c9e7.jpg,0,1,0,0,0
Hot-Spot-on-_Chance_-How-to-treat-a-dog-that-you-can_t-touch_-000613_png_jpg.rf.3111756bb7d1f3969df7077ef6ae17f0.jpg,1,0,0,0,0
340935545_1564725817350843_3975094440924812534_n_jpg.rf.391158537f2cf045ec093a791a041eb3.jpg,0,0,0,0,1
HOT-SPOT-IN-DOG-HOW-vet-treated-symptom-prevention_-flea-bite-moist-eczema_dog-itching-000456_png_jpg.rf.3d16473735045be2194bf2f8faba8615.jpg,1,0,0,0,0
Image_5_jpg.rf.3e42db7904623bbba4595b4124628b0e.jpg,0,1,0,0,0
1000_F_266925987_GoNkiLNIUXfRzYXf96Ngo00leArxL72S_jpg.rf.3dd424f1cce784c6ed917c6d6e0b7c52.jpg,1,0,0,0,0
Image_34_jpg.rf.3d63844dcb1a56618502c7199bb0c732.jpg,0,1,0,0,0
flea_allergy-1-_jpg.rf.390d693f40429b9d1fc399cc1abdd7db.jpg,0,0,1,0,0
mange-32-_jpg.rf.376e2fd6b9d547087361204d6c2de644.jpg,0,0,0,0,1
May-is-allergy-awareness-month-here-at-The-Shot-Spot_00121_jpg.rf.3d6ab858376214050c7bc0e220a5ac6c.jpg,0,0,1,0,0
May-is-allergy-awareness-month-here-at-The-Shot-Spot_01453_jpg.rf.38049d5fe06e5ff5d9716a8e6103ff95.jpg,0,0,1,0,0
flea_allergy-48-_jpg.rf.3a985562c47a6927613a790e1ef00595.jpg,0,0,0,1,0
Image_30_jpg.rf.3dc97956a4915689613d690dbd284fff.jpg,0,1,0,0,0
ringworm-56-_jpg.rf.3f74ea3c6c4d9ba2ec8be7627869d40c.jpg,0,0,0,1,0
May-is-allergy-awareness-month-here-at-The-Shot-Spot_02176_jpg.rf.3ffa0420be293fab49b97dee4839b692.jpg,0,0,1,0,0
1000011978_x4_jpg.rf.3e6c09021cf2f872abf4392485cf84bf.jpg,1,0,0,0,0
Owners-usually-don-t-get-a-good-vote-of-just-how-big-hotspots_00357_jpg.rf.3e6f955c87037aba23069955e8250d59.jpg,0,0,1,0,0
ringworm-44-_jpg.rf.3ee29c56a127fb9b4f6b388929f834b7.jpg,0,0,0,1,0
1000010767_x16_jpg.rf.3c697be932e4cd190963c679d078055a.jpg,0,0,0,0,1
1000010642_x16_jpg.rf.3cdfe87f70dc7f72eaf96fc56e610148.jpg,0,0,0,1,0
HOT-SPOT-IN-DOG-HOW-vet-treated-symptom-prevention_-flea-bite-moist-eczema_dog-itching-000486_png_jpg.rf.3ff1349c8d1b7fcedc0329b3950c7623.jpg,0,0,0,0,1
Image_13_jpg.rf.40c879acaabc30935fa7b5da9ae1dfec.jpg,0,1,0,0,0
1000010724_x16_jpg.rf.3b92ad9027c3b480b1ec5768656da23f.jpg,0,0,0,0,1
Image_10_jpg.rf.33c1d4d056cf33a4bd23b981adbe059b.jpg,0,1,0,0,0
Image_11_png.rf.3f924ac6f3ddf9a73b7966463b435f3b.jpg,0,1,0,0,0
hotspot-8-_jpg.rf.3f29529f2f75176a243f1d5c171b967a.jpg,1,0,0,0,0
Image_74_jpg.rf.42080dd81bd29ddf38605da1c1d14f20.jpg,0,1,0,0,0
Image_2_jpg.rf.40f3b3f76c6c8eec072a9a1644d3c2d5.jpg,0,1,0,0,0
ringworm-79-_jpg.rf.40525664f1ccbad022c9442d6f7817a6.jpg,0,0,0,1,0
Image_27_jpg.rf.41a4b6efb54a495b1a8f0beabf22dd39.jpg,0,1,0,0,0
ringworm-60-_jpg.rf.41be49bb5abeaa7d2867f3a2e4f727a6.jpg,0,0,0,1,0
ringworm-73-_jpg.rf.4069ce40a134595ebd5a78fb6bc7c200.jpg,0,0,0,1,0
Hot-Spot-on-_Chance_-How-to-treat-a-dog-that-you-can_t-touch_-000624_png_jpg.rf.c02ac39e40d894a3cc6543f50d4519a7.jpg,1,0,0,0,0
mange-25-_jpg.rf.c000b3571a7174c8bf86829e459b0ff8.jpg,0,0,0,0,1
Image_132_png.rf.c0d75a1c3dddc55a5efa1ec66b472b6e.jpg,0,1,0,0,0
May-is-allergy-awareness-month-here-at-The-Shot-Spot_02251_jpg.rf.c14d4481761165b45bf24cbaad55e356.jpg,0,0,1,0,0
Poodle-hotspot-care-000109_png_jpg.rf.c2cafc70d6f52a5d5fb355998ee69f31.jpg,0,0,1,0,0
May-is-allergy-awareness-month-here-at-The-Shot-Spot_01972_jpg.rf.c07c9eb3f769f0c821686eff80cdb734.jpg,0,0,1,0,0
1000010610_x4_jpg.rf.c09eddb96f9a3cb3e1d763d95b233701.jpg,1,0,0,0,0
1000010776_x16_jpg.rf.c635501a03534f0fd0e43ecd720c38f7.jpg,0,0,0,1,0
ringworm-74-_jpg.rf.c29a2700a631d65eca3bdaac34e42db4.jpg,0,0,0,1,0
hot-spots-suck_00043_jpg.rf.c5aaa3c0a1ae75270af5f8e66d92c1f9.jpg,1,0,0,0,0
ringworm-137-_jpg.rf.c5d222b796be17a45feee6bbf038d7ea.jpg,0,0,0,1,0
mange-2-_jpg.rf.c19fa4e4dbdfcb9bf67658013f727c3d.jpg,0,0,0,0,1
hotspot-88-_jpg.rf.c2f9927f67a8cc4f49101385a7d2822e.jpg,1,0,0,0,0
May-is-allergy-awareness-month-here-at-The-Shot-Spot_00529_jpg.rf.c27117b0d9b1219c75030b4ee36facf0.jpg,0,0,1,0,0
ringworm-87-_jpg.rf.c62facf1e3c41cc98aefba45633d1388.jpg,0,0,0,1,0
ringworm-154-_jpg.rf.c555135b1fbd552d122e4026b2a3379d.jpg,0,0,0,0,1
hotspot-1-_jpg.rf.c64eb235f8e1f0b0c2ff1dd5a98d5af6.jpg,0,0,0,0,1
1000011977_x4_jpg.rf.c68cd8886b9b97b067dd1aa613a9f128.jpg,1,0,0,0,0
ringworm-76-_jpg.rf.c0ebc6f0c804e87b938bae19f9d27e03.jpg,0,0,0,1,0
Image_23_jpg.rf.c7081a059811670e3c6f9224617f96f3.jpg,0,1,0,0,0
hotspot-21-_jpg.rf.c04ca8fc51b2fd04c72afd7cebbc548e.jpg,1,0,0,0,0
ringworm-7-_jpg.rf.c8f09ebd92dcc90d90fc957ed3a80254.jpg,0,0,0,1,0
1000011963_x4_jpg.rf.c08074f3ebf9145410958873f7397126.jpg,0,0,0,1,0
Image_32_jpg.rf.c84a0e29d28d65467ead7acbcd7611dc.jpg,0,1,0,0,0
Hot-Spot-on-_Chance_-How-to-treat-a-dog-that-you-can_t-touch_-000616_png_jpg.rf.c9498b8fba54e86f76ec3a043d987db8.jpg,1,0,0,0,0
May-is-allergy-awareness-month-here-at-The-Shot-Spot_01456_jpg.rf.c38712bf449dc254936007fe0884effc.jpg,0,0,1,0,0
1000010758_x16_jpg.rf.c4e1fbdaa9feaf236f39bb1faadb1365.jpg,0,0,1,0,0
Image_7_jpg.rf.c7e1cf2df0f19f9896ee3b682798060e.jpg,0,1,0,0,0
1000010528_x4_jpg.rf.c6a4ab123e4419aff255c43a200202a3.jpg,0,0,0,1,0
flea_allergy-44-_jpg.rf.c3808138fd176dc072609bccfccf5431.jpg,0,0,0,0,1
Poodle-hotspot-care-000110_png_jpg.rf.c3fe06833264614b7d880741eb9588ed.jpg,0,0,1,0,0
278372566_1115287789314455_1249966033354804477_n_jpg.rf.ca374534bd48530c7153b4f4aca3583f.jpg,0,0,0,1,0
Owners-usually-don-t-get-a-good-vote-of-just-how-big-hotspots_00365_jpg.rf.c741a7c39cec360623d38c2ec2dd0d6f.jpg,0,0,0,1,0
hotspot-90-_jpg.rf.c31e144cc6fdb05f0776ecc7cfe85eab.jpg,1,0,0,0,0
6a6ac96f0e9d7d1d4fbbd07f1b4da7fa_jpg.rf.cb28c33036b96dd13cd8eebde0c9c4d3.jpg,0,0,0,0,1
ringworm-21-_jpg.rf.ca7df471b97e63074d533143b9a784d2.jpg,0,0,0,1,0
hot-spots-suck_00316_jpg.rf.cbc0f7633acab5ae29a2ee03b15f2c03.jpg,1,0,0,0,0
Image_2_jpg.rf.cce1c0cc3d378156e4079f0b05c04795.jpg,0,1,0,0,0
BUTI-NA-LANG-AT-LAGI-AKONG-MAY-STOCK-AKO-NITONG-GAMOT-NA-ITO-000146_png_jpg.rf.c343fbd9b319328494a62f697ade0df7.jpg,0,0,0,1,0
hotspot-110-_jpg.rf.cb8575b6ec6776bbf01e041dd8dc843a.jpg,1,0,0,0,0
ringworm-57-_jpg.rf.c85d567f19eda43a2151353237415a34.jpg,0,0,0,1,0
HOT-SPOT-IN-DOG-HOW-vet-treated-symptom-prevention_-flea-bite-moist-eczema_dog-itching-000504_png_jpg.rf.cc42256ad1cc193af56c728e34769a99.jpg,0,0,0,0,1
mange-imageSeborrhea2_jpg.rf.ccd6d0d21ee892c019b2afca9232d432.jpg,0,0,0,0,1
May-is-allergy-awareness-month-here-at-The-Shot-Spot_02803_jpg.rf.cce560d5d6e27dd6ee69e4bda1bae1b3.jpg,0,0,1,0,0
ringworm-136-_jpg.rf.cdd5f73ffaa2486ed947cfc7a7202e2e.jpg,0,0,0,1,0
1000010525_x16_jpg.rf.cacaff6c572863d970dc3c61e10f5b6d.jpg,0,0,1,0,0
hotspot-63-_jpg.rf.c30295d2e2307f63ca5e7fe29a640e2e.jpg,1,0,0,0,0
Poodle-hotspot-care-000123_png_jpg.rf.cf65a329aff7d463c9cfc723af24ab1a.jpg,0,0,1,0,0
1000010651_x16_jpg.rf.cef32b33c8ab2beeaa94ad5d9bd1a249.jpg,0,0,0,1,0
May-is-allergy-awareness-month-here-at-The-Shot-Spot_01663_jpg.rf.cba158e3625866a74dbfd400eee85266.jpg,0,0,1,0,0
1000010560_x16_jpg.rf.ca23eb400d12949cef25326ce6a8432b.jpg,0,0,0,0,1
flea_allergy-40-_jpg.rf.cf15d9e7d175f890972e4e2df736874e.jpg,0,0,1,0,0
Hot-Spot-on-_Chance_-How-to-treat-a-dog-that-you-can_t-touch_-000625_png_jpg.rf.bfd12e6a99d6183f268d4e021a4ac6ec.jpg,1,0,0,0,0
Poodle-hotspot-care-000107_png_jpg.rf.bfc8228c4bbff87bd12c6c069633fd8d.jpg,0,0,1,0,0
Poodle-hotspot-care-000128_png_jpg.rf.d2321680c1e733ab7069c1027a0a02bf.jpg,0,0,1,0,0
Day-4-of-ringworm-treatment_00261_jpg.rf.c3a18aef3e31945f9f15df6a92039f3c.jpg,0,0,0,1,0
May-is-allergy-awareness-month-here-at-The-Shot-Spot_00031_jpg.rf.d173c5414be7f0777ca4f8173fbb167c.jpg,1,0,0,0,0
1000010769_x16_jpg.rf.cf2e0621921930d977abd8d535d2d04e.jpg,1,0,0,0,0
Day-1-of-ringworm-treatment_00081_jpg.rf.d17b1cdca906d6463c5942816c1b0baf.jpg,0,0,0,1,0
hotspot-82-_jpg.rf.d0a81cd34956af8857c03651c4ed3f0a.jpg,1,0,0,0,0
Image_25_jpeg.rf.d1a5e75219759c35dee484fcbc1cef4c.jpg,0,1,0,0,0
ringworm-36-_jpg.rf.d346fd0cca698292d5b5f0bd42986cea.jpg,0,0,0,1,0
1000010763_x16_jpg.rf.cd69f5ea87937e86765fb15ec6fa8f34.jpg,0,0,0,0,1
1000010624_x4_jpg.rf.d09b14c0ec566f04acf9dd6ab1fab9cc.jpg,0,0,0,0,1
Image_31_jpg.rf.d2f87671905e4185cd99e54b3c3c3a19.jpg,0,1,0,0,0
1000010719_x16_jpg.rf.d2f479bd9ef1d275a532da252a2f45f7.jpg,0,0,0,1,0
mange-46-_jpg.rf.d3fbcc4f4083a84599dc08776a66b8be.jpg,0,0,0,0,1
May-is-allergy-awareness-month-here-at-The-Shot-Spot_00118_jpg.rf.d369c80d58a3b1933babdb70beb9934c.jpg,1,0,0,0,0
HOT-SPOT-IN-DOG-HOW-vet-treated-symptom-prevention_-flea-bite-moist-eczema_dog-itching-000496_png_jpg.rf.d51c053a3852f3d15f44303171317170.jpg,0,0,0,0,1
hotspot-48-_jpg.rf.d6a636a4b694ba7ea6157e2121a4fb75.jpg,1,0,0,0,0
jenniferbaxter03_00361_jpg.rf.d6d18654bf67426e9c895c466926066b.jpg,0,0,1,0,0
ringworm-55-_jpg.rf.d3ce0a0cd05af5bf16012f191bcd8ed1.jpg,0,0,0,1,0
Poodle-hotspot-care-000120_png_jpg.rf.d6f703119a5a57cb8c960ca211a958df.jpg,0,0,1,0,0
1000010749_x16_jpg.rf.d2b1b4293d51d02605277971c08e9e34.jpg,0,0,0,1,0
1000010718_x16_jpg.rf.d61d1baf9fdbfbc3489f84e17ed40745.jpg,0,0,0,0,1
mange-57-_jpg.rf.d255f44cacebad095429d308f1125beb.jpg,0,0,0,0,1
Image_9_jpg.rf.d59f93f55df11571169cab67d3f0d76a.jpg,0,1,0,0,0
HOT-SPOT-IN-DOG-HOW-vet-treated-symptom-prevention_-flea-bite-moist-eczema_dog-itching-000458_png_jpg.rf.d755d2de5621f8908a6ccc19de6088b7.jpg,0,0,0,0,1
Owners-usually-don-t-get-a-good-vote-of-just-how-big-hotspots_00041_jpg.rf.d51f840b3278a3187dc54f95580a2137.jpg,0,0,1,0,0
Thank-you-all-for-your-support_00085_jpg.rf.d52f4d3cd36d54b14b594dcc123865d7.jpg,1,0,0,0,0
1000010580_x4_jpg.rf.d4a2b6285d84ccc0d09bff0ac11ecccf.jpg,1,0,0,0,0
photo_jpg.rf.d6fd97242b12be8c9cd28563124561e7.jpg,0,0,0,1,0
hotspot-24-_jpg.rf.d5c2b1635e5172b9b3da4dddc2561748.jpg,1,0,0,0,0
HOT-SPOT-IN-DOG-HOW-vet-treated-symptom-prevention_-flea-bite-moist-eczema_dog-itching-000482_png_jpg.rf.d83e77775b6bf64ad8e9b89a7eeec40f.jpg,0,0,0,0,1
flea_allergy-31-_jpg.rf.d78ef116ee79f96dad9e1b66930307ec.jpg,0,0,1,0,0
Image_24_jpg.rf.d460e7cea822ba185eaef1b4a4e7cb6c.jpg,0,1,0,0,0
hot-spots-suck_00058_jpg.rf.d3e25801333a7defa31bbd52220f1cea.jpg,1,0,0,0,0
53_jpg.rf.d75fa2eee7c3efc090315fe08389ebb4.jpg,1,0,0,0,0
hotspot-29-_jpg.rf.d9cd2d57d3f88bb72f1da24e50caff01.jpg,1,0,0,0,0
May-is-allergy-awareness-month-here-at-The-Shot-Spot_01918_jpg.rf.d9aedb283366a79f6d454da7fd4273d8.jpg,0,0,1,0,0
HOT-SPOT-IN-DOG-HOW-vet-treated-symptom-prevention_-flea-bite-moist-eczema_dog-itching-000362_png_jpg.rf.d8ed3a58e54eede0520f8392683dceeb.jpg,0,0,0,0,1
ringworm-59-_jpg.rf.d496e30a89cf5a65e942237c0d686172.jpg,0,0,0,1,0
Image_28_jpg.rf.d8bbe77575b8591e34a5217f14836cec.jpg,0,1,0,0,0
flea_allergy-11-_jpg.rf.d8f3f993547b9b7df9431e62bb8bae39.jpg,0,0,1,0,0
flea_allergy-95-_jpg.rf.d67a097fe14e7e1d4f62321fb098492c.jpg,0,0,1,0,0
Image_16_jpg.rf.d3a1b1439c73db41252ddec10f7fd903.jpg,0,1,0,0,0
217702707_549389272771952_6096969687785169247_n_jpg.rf.d6aa666463b536f2493ab5b9244ee506.jpg,0,0,0,0,1
1000010596_x4_jpg.rf.da6ade9b6e9da423c3de024bafaf876f.jpg,0,0,1,0,0
hotspot-111-_jpg.rf.d4a54f0322dd11a02c2dcbb076d19c8e.jpg,0,0,0,0,1
Image_29_jpg.rf.da6b4d8f34f7e4dd08c917641b88cf70.jpg,0,1,0,0,0
Image_1_jpg.rf.dbd607edadb48813c9d2dfa2e05b935f.jpg,0,1,0,0,0
HOT-SPOT-IN-DOG-HOW-vet-treated-symptom-prevention_-flea-bite-moist-eczema_dog-itching-000480_png_jpg.rf.dbbaa93ce4d4389a260dcb7a5de89bcb.jpg,0,0,0,0,1
Image_75_jpg.rf.dad6a8ecdcea6ff9f3bb97153378b5f9.jpg,0,1,0,0,0
flea_allergy-28-_jpg.rf.db557d20a1d41fb1ce61a9eae9b85187.jpg,0,0,1,0,0
flea_allergy-3-_jpg.rf.dc856e7a12b552b48bb94e36eba9a7f1.jpg,0,0,1,0,0
ringworm-2-_jpg.rf.de0b11f1eec8ed2a9f0bfd876b0673d3.jpg,0,0,0,1,0
ringworm-90-_jpg.rf.df8ffbdd889cb49d408d00a7004a8ce0.jpg,0,0,0,1,0
hotspot-102-_jpg.rf.da3fdd5a4486f38a0b9c8c9683723ee6.jpg,0,0,1,0,0
hotspot-112-_jpg.rf.db37644326b8e1023ac866dd54c7cfd6.jpg,0,0,0,0,1
mange-18-_jpg.rf.e19f6bafb4b175f519b8ae15108e54d2.jpg,0,0,0,0,1
flea_allergy-41-_jpg.rf.df9e8593bfd3f4c334642bc9a95a5c39.jpg,0,0,1,0,0
Image_1_jpg.rf.e0d070ada73b011b7054266eead7b6e1.jpg,0,1,0,0,0
1000010558_x4_jpg.rf.e00f8b42be6b288775d42796f1f9cf84.jpg,1,0,0,0,0
HOT-SPOT-IN-DOG-HOW-vet-treated-symptom-prevention_-flea-bite-moist-eczema_dog-itching-000499_png_jpg.rf.de76b0cfdcf9933b97922e06ea60e4c8.jpg,0,0,0,0,1
I-thought-this-was-an-Ingrown-hair-in-my-dogs-toe-grass-seed-removal-000005_png_jpg.rf.dcf55b3c3cef51452137d65df222a0da.jpg,0,0,0,1,0
mange-63-_jpg.rf.de0d33041f35fedb13f46831ee8fd432.jpg,0,0,0,0,1
Reply-to-don-t-let-your-dog-suffer-in-silence_00001_jpg.rf.de22800f927eeb53f0b005a8a553616d.jpg,1,0,0,0,0
hotspot-47-_jpg.rf.dd91437adc799538c1b4a3df58964bdc.jpg,1,0,0,0,0
OIP-17-_x4_jpg.rf.e16af2fb9702e3ff1f95b72d68c2a70d.jpg,1,0,0,0,1
1000010646_x16_jpg.rf.dcfb028c9e07e0b18df33573a7bb586e.jpg,0,0,0,1,0
Owners-usually-don-t-get-a-good-vote-of-just-how-big-hotspots_00045_jpg.rf.e04a3f65295e70e0cae2d0f79d89ff05.jpg,0,0,1,0,0
Day-1-of-ringworm-treatment_00211_jpg.rf.e3dc883f15c024397536b277ad170f98.jpg,0,0,0,1,0
flea_allergy-55-_jpg.rf.e2d8fcbc2dae11b0f87a8f50ada2ce5c.jpg,0,0,1,0,0
Image_9_jpg.rf.df6edd81011b46d6819894a11752f355.jpg,0,1,0,0,0
flea_allergy-67-_jpg.rf.e2bc8435d123485ec2df427d7528a472.jpg,0,0,1,0,0
Image_66_jpg.rf.e4467e12674eb33f6d1101c476a54d6f.jpg,0,1,0,0,0
Image_32_jpg.rf.ded8f5ac340c71e71360296b903a947a.jpg,0,1,0,0,0
hotspot-99-_jpg.rf.e52357812803d6963ecbcae9f6acdc1f.jpg,1,0,0,0,0
Poodle-hotspot-care-000003_png_jpg.rf.e222731a8e160f0e831dad9adc374661.jpg,0,0,1,0,0
mange-48-_jpg.rf.e14e4044bd613a8f6cbfb0e33b642299.jpg,0,0,0,0,1
hotspot-33-_jpg.rf.e2198d623fc054c13379a9da5b69c057.jpg,0,0,0,0,1
flea_allergy-37-_jpg.rf.e0b656521bef1f67718ef02686b88bfc.jpg,0,0,1,0,0
Lick_granuloma_1_jpg.rf.e4a04e0db3479f04dc5752851415809d.jpg,1,0,0,0,0
hotspot-71-_jpg.rf.e296f132d72cbf85c3475cea8419bdf7.jpg,1,0,0,0,0
Thank-you-all-for-your-support_00031_jpg.rf.e7d4bcaf3677cf7586125e6e25fccade.jpg,1,0,0,0,0
Image_26_jpg.rf.e403dc01de37b1d5d12cd87285be046d.jpg,0,1,0,0,0
hotspot-72-_jpg.rf.e6872413c0757b05365589914f2d16b5.jpg,1,0,0,0,0
mange-56-_jpg.rf.e5c7d8cf6e7e7da7ecae77d899a6d77d.jpg,0,0,0,0,1
Reply-to-don-t-let-your-dog-suffer-in-silence_00011_jpg.rf.e6a0e963d9156bdacd149fbb1e2186be.jpg,1,0,0,0,0
flea_allergy-87-_jpg.rf.e79ab17c680ca0230d2035762b498c72.jpg,0,0,1,0,0
Image_10_jpg.rf.e542aee6af7c424e8e721ab42f58404a.jpg,0,1,0,0,0
flea_allergy-36-_jpg.rf.e722ad097a96300129db351fdb46b3af.jpg,0,0,1,0,0
Image_12_jpg.rf.e7e863dda76e60edb528a7c9fb550b2c.jpg,0,1,0,0,0
Day-28-of-ringworm-treatment_00001_jpg.rf.e6298c760a052921910c35660188f9eb.jpg,0,0,0,1,0
ringworm-33-_jpg.rf.e79c052e3bfd641790bf83a115d2b633.jpg,0,0,0,1,0
hot-spots-suck_00223_jpg.rf.e7b40d654466daa1f869b4ef68d01efc.jpg,1,0,0,0,0
Image_78_jpg.rf.e9f8d75502e10cb95110fed66cfd8459.jpg,0,1,0,0,0
208280465_5954987487874609_5454884803927939563_n_jpg.rf.ea43b23fc452ef02cd86a401c5bc418d.jpg,0,0,0,0,1
Image_4_jpg.rf.e2b2e0a298b659d816779290a1c31cd6.jpg,0,1,0,0,0
ringworm-23-_jpg.rf.e617d7044e9dbf6ef85e29d84d579e3b.jpg,0,0,0,1,0
Image_11_jpg.rf.e983a5316697e365f9633ce1d9609b30.jpg,0,1,0,0,0
hot-spots-suck_00328_jpg.rf.e9c1e07a3eab328ea4d455a04ddd3371.jpg,1,0,0,0,0
Thank-you-all-for-your-support_00004_jpg.rf.eba364a594bd20d9aa18306d45dda02f.jpg,1,0,0,0,0
Hot-Spot-on-_Chance_-How-to-treat-a-dog-that-you-can_t-touch_-000614_png_jpg.rf.e948a8f803f15fc9b7b6c87bbdfa5a8b.jpg,1,0,0,0,0
ringworm-112-_jpg.rf.e7069ade5cb6434bfe75373ae9a279ef.jpg,0,0,0,1,0
OIP-15-_x4_jpg.rf.ea898fffe7db83e8f149444d6fa26d96.jpg,0,0,0,1,0
2012-04-16_170016_img_2493_jpg.rf.ea4bd5dddba567e22958ef91702c5a61.jpg,0,0,0,0,1
Image_35_jpg.rf.eb040f94e62bab67aac717bfb036b96f.jpg,0,1,0,0,0
Dog-hot-spot_jpg.rf.e9b77cdfcce32d2ac7fece3e959583b4.jpg,1,0,0,0,0
mange-23-_jpg.rf.eb88efc675ea099f7d57c16621865cf9.jpg,0,0,0,0,1
Owners-usually-don-t-get-a-good-vote-of-just-how-big-hotspots_00033_jpg.rf.edb6d4f7cd1628b0de89c60d091f32de.jpg,0,0,1,0,0
May-is-allergy-awareness-month-here-at-The-Shot-Spot_00064_jpg.rf.eb895dcc3355910e910e8ef754b09d4d.jpg,1,0,0,0,0
hotspot-15-_jpg.rf.e592e71e68fabb845daf3067f10e02d4.jpg,0,0,0,1,0
hotspot-3-_jpg.rf.ec76380d835a0355f310e5939e0e91a6.jpg,0,0,0,0,1
hotspot-113-_jpg.rf.eb8f1244250fdf430ade3638088e06b0.jpg,0,0,0,0,1
HOT-SPOT-IN-DOG-HOW-vet-treated-symptom-prevention_-flea-bite-moist-eczema_dog-itching-000479_png_jpg.rf.ec74d9acab5aff8bdbef203f409306e7.jpg,0,0,0,0,1
HOT-SPOT-IN-DOG-HOW-vet-treated-symptom-prevention_-flea-bite-moist-eczema_dog-itching-000153_png_jpg.rf.ea29eeda3bf5030183c1a87c2f5d4efb.jpg,1,0,0,0,0
ringworm-104-_jpg.rf.ea1d77198391feb0984e2164feca5f06.jpg,0,0,0,1,0
Image_47_jpg.rf.ec60302ff4bbe4285801674a229ec009.jpg,0,1,0,0,0
hotspot-101-_jpg.rf.ef6a1f9b53012fcfa8a76885b58606ba.jpg,0,0,0,0,1
mange-40-_jpg.rf.edc85369361c45969c6cbe77f414bdef.jpg,0,0,0,0,1
1000010768_x4_jpg.rf.ec00d3fa5f82bb26ff4e64103b103680.jpg,0,0,0,0,1
Image_37_jpg.rf.ed48daac1d94d4c6152df3f5e23762c2.jpg,0,1,0,0,0
hotspot-18-_jpg.rf.f07c162cda6913d51251541b3a55492b.jpg,0,0,1,0,0
flea_allergy-42-_jpg.rf.ee22d395936381c05aa03745e92cd320.jpg,0,0,1,0,0
137314781_408375947040120_5022441313590863863_n_jpg.rf.f009dd980c607d88d2c41a5105decfed.jpg,0,0,1,0,0
Hot-Spot-on-_Chance_-How-to-treat-a-dog-that-you-can_t-touch_-000612_png_jpg.rf.e8fe8a6b1c261cab77c9cac6a99a5c62.jpg,1,0,0,0,0
mange-31-_jpg.rf.ed27f02d9223da1723824ff32186e012.jpg,0,0,0,0,1
Image_14_jpg.rf.efb1b706033d1bca23e0d44b553fe20f.jpg,0,1,0,0,0
ringworm-111-_jpg.rf.ef0847bcd9e49c2191ab4451e5452509.jpg,0,0,0,1,0
mange-42-_jpg.rf.f03a36c2ecf2af0660773b8fc55151a3.jpg,0,0,0,0,1
mange-4-_jpg.rf.eff43e359c1be86b6ebb5ccecfe10105.jpg,0,0,0,0,1
OIP-14-_x4_jpg.rf.ee9188256a30e522a737d56996c3f535.jpg,0,0,1,0,0
1000011976_x4_jpg.rf.edc7e73901a9b2531811531e1480acc7.jpg,0,0,0,0,1
Poodle-hotspot-care-000108_png_jpg.rf.efe86b5aa7f90dc067d497d0abbf953e.jpg,0,0,1,0,0
Image_18_jpg.rf.f0ce4f8be8131dc72a900075d9f2e43c.jpg,0,1,0,0,0
Day-1-of-ringworm-treatment_00151_jpg.rf.f0f9e3a14ff653f91416619385c94486.jpg,0,0,0,1,0
flea_allergy-27-_jpg.rf.f09937e5a4804470051d7c293993e100.jpg,0,0,1,0,0
HOT-SPOT-IN-DOG-HOW-vet-treated-symptom-prevention_-flea-bite-moist-eczema_dog-itching-000358_png_jpg.rf.f2b7e067dbbf4346ebfcb07380baf070.jpg,0,0,0,0,1
flea_allergy-23-_jpg.rf.f146053cc1527c4e8bbd43104042454b.jpg,0,0,1,0,0
Image_81_jpg.rf.f399d308f91cc2bd00c590cf01478f2f.jpg,0,1,0,0,0
1000010747_x4_jpg.rf.f2744a179df41eb22b68e72be302bff2.jpg,0,0,1,0,0
mange-41-_jpg.rf.f3ad7cbdacd53e75afce355582b66f45.jpg,0,0,0,0,1
hotspot-12-_jpg.rf.f3f925b896a281d7589c5b46c0e64e53.jpg,1,0,0,0,0
Image_67_jpg.rf.f1faa86de40caab6f6c0e669cdd0743a.jpg,0,1,0,0,0
Image_12_jpg.rf.f3c64c1df9d8906415e6d0fa154b6a78.jpg,0,1,0,0,0
1000010770_x4_jpg.rf.f337eb5498b43f746614861beb38dbaf.jpg,0,0,0,0,1
mange-19-_jpg.rf.f4ed829dd2f3295c2a8b18144c33b51e.jpg,0,0,1,0,0
Image_32_jpg.rf.f0cfe67707558c7013485fbacb1151b6.jpg,0,1,0,0,0
1000010655_x16_jpg.rf.f4b892becac20b3a1e7341841007675d.jpg,0,0,0,1,0
May-is-allergy-awareness-month-here-at-The-Shot-Spot_00016_jpg.rf.f3708dcaf3f6a80bb54ef083d71a96e9.jpg,0,0,1,0,0
hotspot-42-_jpg.rf.f4d9b1486520c3ac04f0eaf1fcbade51.jpg,1,0,0,0,0
ringworm-148-_jpg.rf.f3d41b7cef56ff64e0144b454898dd7e.jpg,0,0,0,1,0
ringworm-3-_jpg.rf.f595a801044de6b27c6dda38b17fb437.jpg,0,0,0,1,0
flea_allergy-76-_jpg.rf.f3183ebdb63e66c1dbba501f5169c7c0.jpg,0,0,1,0,0
Poodle-hotspot-care-000129_png_jpg.rf.f1d861cbd89b89020fd6465d3261458a.jpg,0,0,1,0,0
ringworm-53-_jpg.rf.f35be6afa8dfc4c8b899b33934ed80d2.jpg,0,0,0,1,0
mange-61-_jpg.rf.f6a6468fb27f992e1c567133352cf6c2.jpg,0,0,0,0,1
Image_17_jpg.rf.f231ce384971dbdac86bd958eeb593cb.jpg,0,1,0,0,0
1000010729_x16_jpg.rf.f18496969fb233f991b12fccd63618fa.jpg,0,0,0,1,0
mange-9-_jpg.rf.f75ad01aac157871452ac6e21dd80073.jpg,0,0,0,0,1
Image_33_jpg.rf.f56300ae48f56b04b4aba223f3886828.jpg,0,1,0,0,0
ringworm-94-_jpg.rf.f74c1a04d972db14682685cfccf2bfbb.jpg,0,0,0,1,0
Image_33_jpg.rf.f797c9a36b82649417185bbddc11716f.jpg,0,1,0,0,0
Image_9_jpg.rf.fa3f24552c4cf8df34238d73410038f5.jpg,0,1,0,0,0
HOT-SPOT-IN-DOG-HOW-vet-treated-symptom-prevention_-flea-bite-moist-eczema_dog-itching-000149_png_jpg.rf.f51918bfa4abe1a8b3ed8601a4c849c6.jpg,1,0,0,0,0
hot-spots-suck_00331_jpg.rf.f4d1d6bb8f64ee926e6b5684d86af956.jpg,1,0,0,0,0
ringworm-32-_jpg.rf.f96a79d3e17ec8fb1c156909951ae893.jpg,0,0,0,1,0
May-is-allergy-awareness-month-here-at-The-Shot-Spot_02224_jpg.rf.f876dc9f587b979272bfd7dd35b903a3.jpg,0,0,1,0,0
HOT-SPOT-IN-DOG-HOW-vet-treated-symptom-prevention_-flea-bite-moist-eczema_dog-itching-000454_png_jpg.rf.fa6c3e08dd0d1ffaf45933a3757c1eaf.jpg,0,0,1,0,0
May-is-allergy-awareness-month-here-at-The-Shot-Spot_00550_jpg.rf.f9fb5ffafff7f0ca37feea76260429eb.jpg,0,0,1,0,0
ringworm-84-_jpg.rf.f998468e7a7b3072fad28bee682ee28c.jpg,0,0,0,1,0
Image_90_png.rf.f566114a4e3f78ee10594cc1badfd165.jpg,0,1,0,0,0
1000010781_x16_jpg.rf.f5b49281d7bffc3bf69e821bc7321b74.jpg,1,0,0,0,0
ringworm-93-_jpg.rf.fb400e0d3433a4d6cf753c4a7cde010e.jpg,0,0,0,1,0
Image_61_jpg.rf.f5da7c6e4d2eaa31aef4d29639afa206.jpg,0,1,0,0,0
hot-spots-suck_00349_jpg.rf.f96a6ee767a33730c220580ebb12f094.jpg,1,0,0,0,0
flea_allergy-64-_jpg.rf.f8d0e34ffa6bd41ec44527835f076d50.jpg,0,0,1,0,0
Image_15_jpg.rf.fb5d4ff22cf1205d5c44011ba8dbc6eb.jpg,0,1,0,0,0
mange-6-_jpg.rf.fc14fbcb22a0ab201bc561c380898005.jpg,0,0,0,0,1
May-is-allergy-awareness-month-here-at-The-Shot-Spot_01447_jpg.rf.fabb242f04564446fcfc0d47a7bac3c0.jpg,0,0,1,0,0
hotspot-108-_jpg.rf.fafcdc6a4ed5f2ff6de2e75fff640bd6.jpg,1,0,0,0,0
Owners-usually-don-t-get-a-good-vote-of-just-how-big-hotspots_00025_jpg.rf.f6d6e35361137c32ede6c533525161b4.jpg,0,0,1,0,0
mange-22-_jpg.rf.f96328d599b786995acb6e33aa8e8e6e.jpg,0,0,0,0,1
Image_63_jpg.rf.fa79989ccc602ff782318135797d54d0.jpg,0,1,0,0,0
mange-55-_jpg.rf.fc095ceb19cee50c1a42147fbb1868c3.jpg,0,0,0,0,1
flea_allergy-54-_jpg.rf.fbeaca8fe3c59f75db80bd0291625912.jpg,0,0,0,0,1
Image_22_JPG.rf.fc749a1f4e65fb52a25d7f970253bf44.jpg,0,1,0,0,0
ringworm-50-_jpg.rf.fd3f0d656a1df9dde1c8fa3f75992cce.jpg,0,0,0,1,0
mange-7-_jpg.rf.fd3478a030c6f1ccb22bdb308e4f2665.jpg,0,0,0,0,1
Image_20_jpg.rf.fba356211417e2ac12bf6f436b977241.jpg,0,1,0,0,0
hotspot-73-_jpg.rf.fcfa8c8e414b24a1716fd19a521100f9.jpg,1,0,0,0,0
jenniferbaxter03_00366_jpg.rf.fdf263cdf543bdc9db28939d2dc4e0ab.jpg,0,0,1,0,0
Image_52_jpg.rf.ffd78171584c3e5632905ab711a1e5d3.jpg,0,1,0,0,0
mange-37-_jpg.rf.fcd5639b60a07d9d4a15e4fd544eb264.jpg,0,0,0,0,1
hotspot-38-_jpg.rf.fd449856307a6f7e3a91747307c3a366.jpg,0,0,0,0,1
hot-spots-suck_00097_jpg.rf.fdc1ed62b0777e1b547ee2c4b374003a.jpg,1,0,0,0,0
May-is-allergy-awareness-month-here-at-The-Shot-Spot_02290_jpg.rf.ff4bb1afaa170e40555c4ee146707efe.jpg,0,0,1,0,0
mange-53-_jpg.rf.f89d94b0c8b0da6888543cb82ca72406.jpg,0,0,0,0,1
flea_allergy-66-_jpg.rf.fd1964cf7fee95639098aab07bbfc6bb.jpg,0,0,1,0,0
Image_25_jpg.rf.421068ae92ce978fb695cc1caacefa10.jpg,0,1,0,0,0
Image_5_jpg.rf.427d7ff74a6d2a14c58d6c9c08be15c8.jpg,0,1,0,0,0
ringworm-95-_jpg.rf.441faa5dbdd97fb56a1d5be44ae393b7.jpg,0,0,0,1,0
ringworm-109-_jpg.rf.4857ce97176faec0594dfcf58bb5d7d7.jpg,0,0,0,1,0
hot-spots-suck_00298_jpg.rf.4453c25ca5e34a3eb6d9710a7cb5e23f.jpg,1,0,0,0,0
1000010581_x16_jpg.rf.485ded8d2fe9875cf017fb05420ff459.jpg,0,0,0,1,0
mange-12-_jpg.rf.4256f8924ce01dd885abf7537cc52a60.jpg,0,0,0,0,1
hotspot-74-_jpg.rf.4485def20caf087dcf6c2f3dd7da7b10.jpg,1,0,0,0,0
hotspot-79-_jpg.rf.4505a72474fe1a22724ec40851b92667.jpg,1,0,0,0,0
HOT-SPOT-IN-DOG-HOW-vet-treated-symptom-prevention_-flea-bite-moist-eczema_dog-itching-000453_png_jpg.rf.48d23e28fc585264e701f5bd6cb4b2af.jpg,1,0,0,0,0
HOT-SPOT-IN-DOG-HOW-vet-treated-symptom-prevention_-flea-bite-moist-eczema_dog-itching-000357_png_jpg.rf.47db8da9d256aefbd1efb1e04a4a2a7b.jpg,0,0,1,0,0
357377596_6687636537926845_196811127851933343_n_jpg.rf.42fcbd694f73fc7003048b1c8c127e45.jpg,0,0,0,0,1
Image_6_jpg.rf.443a2f5d29c8a94b8cc3379476421133.jpg,0,1,0,0,0
mange-52-_jpg.rf.4bfb6030948f774bf0cd4c037b9f7c46.jpg,0,0,0,0,1
1000010678_x16_jpg.rf.4b78080509399d9d1c1bb22d3e56318d.jpg,0,0,0,0,1
Atopic-dermatitis_Red-skin-dog-abdomen_DermVets_jpg.rf.4b2ae2ce3a1037c5f717478e471512d2.jpg,0,0,1,0,0
293403473_2859680784177702_648654495805395982_n_jpg.rf.4ce7c8a04a8b60d40ac5f9ca5d2e8981.jpg,0,0,1,0,0
Image_109_jpg.rf.455b58df36b8f32c92c1b7a897f5b0c7.jpg,0,1,0,0,0
1000010557_x4_jpg.rf.479caf929be882f936e6eb8374d81d14.jpg,0,0,0,0,1
ringworm-103-_jpg.rf.4e76a59a7cde69c701c2d3e7a1ff39df.jpg,0,0,0,1,0
mange-44-_jpg.rf.457231fbe0823c5f5629814bd6a69a98.jpg,0,0,0,0,1
mange-14-_jpg.rf.4cf1e5aedf26018eb94d6a116014fe15.jpg,0,0,0,0,1
1000010698_x4_jpg.rf.4cf62218d95c7b94669545443a1e9784.jpg,0,0,1,0,0
hotspot-104-_jpg.rf.4de2c3bcfec06b9a1860740bb8bec0f1.jpg,0,0,1,0,0
mange-21-_jpg.rf.4f7afd5d1c3238da2fba0cd622efa19d.jpg,0,0,0,0,1
Image_54_jpg.rf.495ce8aa0cccc3705716505b3bd450bf.jpg,0,1,0,0,0
143539111_266046041593593_2826120553753353940_n_jpg.rf.473f6cd3a69c56762690c6f2b040686c.jpg,1,0,0,0,0
Image_28_jpg.rf.47f5ad7d05ee4c207e2a5da7a8ff0558.jpg,0,1,0,0,0
Image_127_jpg.rf.480a2b6ffa3837b516eea12a322f1f5e.jpg,0,1,0,0,0
ringworm-89-_jpg.rf.4f06013676ca7f53fb2779ab03a523ec.jpg,0,0,0,1,0
mange-15-_jpg.rf.4b2c7bc8001d7dc3236e64fcf84fa180.jpg,0,0,0,0,1
hot-spots-suck_00286_jpg.rf.4516ad7fd9e17ce05915e87c062ec704.jpg,1,0,0,0,0
hot-spots-suck_00091_jpg.rf.4cc559b83ca661f4d435bed05cbc675d.jpg,1,0,0,0,0
1000010534_x16_jpg.rf.4743144a17ac9a6be202c191e5bd48fe.jpg,0,0,0,1,0
Image_26_jpg.rf.45500fcf3546d36e3d4b52e56b6a3491.jpg,0,1,0,0,0
hot-spots-suck_00241_jpg.rf.4514782616dd6505b92cbd2de81e5719.jpg,1,0,0,0,0
Poodle-hotspot-care-000115_png_jpg.rf.4fa82a37011398c3af15c33e4b9dd84b.jpg,0,0,1,0,0
95170520_2787671877998576_422400661942960128_n_jpg.rf.525525d060cba390a2448fe89f5cb378.jpg,0,0,0,0,1
Thank-you-all-for-your-support_00064_jpg.rf.50c897a074909e93613d49d614eb28f4.jpg,1,0,0,0,0
May-is-allergy-awareness-month-here-at-The-Shot-Spot_02671_jpg.rf.500dbb977d3bb6b41a0e8635904b337b.jpg,0,0,1,0,0
ringworm-11-_jpg.rf.523be7ed54c53ea18535b903e4b77324.jpg,0,0,0,1,0
May-is-allergy-awareness-month-here-at-The-Shot-Spot_02227_jpg.rf.51c8b41ca5e25053581f5aa595ca9968.jpg,0,0,1,0,0
1000010604_x4_jpg.rf.458f7c2ce80a8cba5b812e531054d66f.jpg,0,0,0,0,1
Image_70_jpg.rf.502a12e58e559f60c1df8fdb7f3ca6b3.jpg,0,1,0,0,0
mange-30-_jpg.rf.5262fec024081da2e9d03f719a6a3461.jpg,0,0,0,0,1
Poodle-hotspot-care-000104_png_jpg.rf.52d96b35b03c4fad350dc3e005212a05.jpg,0,0,1,0,0
May-is-allergy-awareness-month-here-at-The-Shot-Spot_02797_jpg.rf.5297bf67d22dc6f3a89e0597400f87d9.jpg,0,0,1,0,0
1000010496_x4_jpg.rf.51327b1dbfd902b675eb09caf4a18da6.jpg,0,0,0,1,0
Image_44_jpg.rf.543d9033af1c81c7393608208d5be960.jpg,0,1,0,0,0
ringworm-113-_jpg.rf.42b282daf538ec0b80328c346eab4fd6.jpg,0,0,0,1,0
Multi-resistant-Staphylococcal-Bacterial-Infection-German-Spitz-4-2048x1036_jpg.rf.47c5c910314f63b9aac8302d66c447fe.jpg,0,0,0,1,0
OIP-5-_x4_jpg.rf.5359f309937588bec6c66e8ec4420c3c.jpg,1,0,1,0,0
Owners-usually-don-t-get-a-good-vote-of-just-how-big-hotspots_00345_jpg.rf.5450dae9b5468ff201d310d86ac47706.jpg,0,0,1,0,0
Image_8_jpg.rf.46da5b6a7c3c3faa6e87950751d39802.jpg,0,1,0,0,0
1000010728_x16_jpg.rf.52a5f914c41fcd96f3b5ab0f962d472e.jpg,1,0,0,0,0
Image_50_jpeg.rf.510640be26ceb90fc697916c30861934.jpg,0,1,0,0,0
ringworm-138-_jpg.rf.537b5c2ca8ab811e86fd6480ed26b19d.jpg,0,0,0,1,0
1000011981_x4_jpg.rf.52694473d1d3025cb6ebed41b146f332.jpg,0,0,0,0,1
1000010551_x16_jpg.rf.54ef7088921afe86c40abae48135f14b.jpg,1,0,0,0,0
ringworm-35-_jpg.rf.555dd3a9aca92381452d86d6531f8055.jpg,0,0,0,1,0
mange-10-_jpg.rf.5675052d44ead492083392859bed6ec2.jpg,0,0,0,0,1
hotspot-37-_jpg.rf.54106d01caa22571dcc2e39324d4f64f.jpg,1,0,0,0,0
flea_allergy-46-_jpg.rf.55147f34bf338f2d5ec1756c64ff2e96.jpg,0,0,0,1,0
May-is-allergy-awareness-month-here-at-The-Shot-Spot_01552_jpg.rf.5519c9bc84fe53ad9e7b0fb14eff2688.jpg,0,0,1,0,0
May-is-allergy-awareness-month-here-at-The-Shot-Spot_00136_jpg.rf.56705442b8a5746ecaa9b55ce33c159e.jpg,1,0,0,0,0
hot-spots-suck_00040_jpg.rf.56f4eece7d97f240ec8eb300e98e795f.jpg,1,0,0,0,0
5d5641b96b930df01eb7df119e680c9fdb41f4e4_jpeg_jpg.rf.56a67412182ea6f4c3fe8b7af0f1f6c0.jpg,0,0,1,0,0
1000010715_x16_jpg.rf.45784971b924f071a853081d9b5b5925.jpg,0,0,1,0,0
Image_99_jpg.rf.56f36d7dfe1685704a513271a6b9061d.jpg,0,1,0,0,0
Image_36_jpg.rf.56c817065fb5de4cf67100696934372a.jpg,0,1,0,0,0
1000011975_x4_jpg.rf.591c7db58638c92d6021288626973e0c.jpg,0,0,1,0,0
flea_allergy-94-_jpg.rf.5627c4ca8876515e4aaf30a9dee20510.jpg,0,0,1,0,0
Image_27_jpeg.rf.58b8de89acc2f2584d4e56f8f7d34dcd.jpg,0,1,0,0,0
Atopic-dermatitis_Dog-chronic-lick-sore-on-leg_DermVets_jpg.rf.56917c2ccfbd2ac0c96f4f2e2804bcc1.jpg,1,0,0,0,0
Image_8_jpg.rf.5a37fef3e452cf449cd30f9bf6e2d130.jpg,0,1,0,0,0
HOT-SPOT-IN-DOG-HOW-vet-treated-symptom-prevention_-flea-bite-moist-eczema_dog-itching-000503_png_jpg.rf.595c1e75a178ed7f6d2d674f029a89c8.jpg,0,0,0,0,1
ringworm-18-_jpg.rf.583cd56d1e1432bcf84bd1c3b92644ad.jpg,0,0,0,1,0
hotspot-95-_jpg.rf.596a5a0c8d77cb93bab7967389226efe.jpg,1,0,0,0,0
Image_93_jpg.rf.56a6f8b2a7bd48f1ca474f1145dd1a99.jpg,0,1,0,0,0
1000010696_x4_jpg.rf.583f3f1c50a5ee699c637168af1426c5.jpg,0,0,0,1,1
Image_3_jpg.rf.5812b06c3cefbec62c5ebfab84b884cb.jpg,0,1,0,0,0
1000010503_x16_jpg.rf.57fc90f8390e1e97efbbb6cecb6dc2b8.jpg,0,0,0,1,0
flea_allergy-18-_jpg.rf.597eb5112f59059a0df3021224ada098.jpg,0,0,1,0,0
1000010573_x4_jpg.rf.5b00a37b4f493c7780180b9b22948779.jpg,0,0,1,0,0
ringworm-61-_jpg.rf.572e924c318f197e01278c45eb1f3d6b.jpg,0,0,0,1,0
1000010727_x4_jpg.rf.5b238cae3f29623db467147b9ef66221.jpg,1,0,0,0,0
ringworm-152-_jpg.rf.5bce5bf922dd735f9abc81821073af8d.jpg,0,0,0,1,0
dog-animal-skin-disease-1208313049-6c58143883d2477a920ca1ed1a7bc1e6_jpg.rf.56e69bb7dd6147e0b2eb2d8a86d534a5.jpg,0,0,0,0,1
ringworm-153-_jpg.rf.5bbfe52c501c6714a0d6e5deadd47934.jpg,0,0,0,0,1
1000010682_x16_jpg.rf.5c412d52104df6ad63c4ba3612e3c40c.jpg,0,0,0,1,0
Image_56_jpg.rf.5ac546f0aff28ef971bc23da9ea53666.jpg,0,1,0,0,0
May-is-allergy-awareness-month-here-at-The-Shot-Spot_00085_jpg.rf.5d27ceb8827ce5585eeb8f5061e01108.jpg,0,0,1,0,0
hotspot-76-_jpg.rf.5a0cf7cc25ea62b17e6997305b17c2c8.jpg,1,0,0,0,0
Image_96_jpg.rf.5ddf80673447eae3958ecea777c57731.jpg,0,1,0,0,0
Image_57_jpg.rf.5e9220aea818fe42f58a4d6f3875e208.jpg,0,1,0,0,0
1000010617_x4_jpg.rf.5e7ca9d8d0d09caac37a3ed728503b52.jpg,0,0,1,0,0
Image_12_jpg.rf.5c4eadc45a2b5d3a2d5f01e2de765e95.jpg,0,1,0,0,0
Image_70_jpg.rf.5a2de0f5fcd3d2ec33fe815e2410f654.jpg,0,1,0,0,0
May-is-allergy-awareness-month-here-at-The-Shot-Spot_00469_jpg.rf.5cf28bfbdda2c532f801e504af1b4765.jpg,1,0,0,0,0
Poodle-hotspot-care-000113_png_jpg.rf.5e721f04f966dbbf8d034e43315af67a.jpg,0,0,1,0,0
May-is-allergy-awareness-month-here-at-The-Shot-Spot_00022_jpg.rf.59c7f007663fa3f42baa76ac5b048a6b.jpg,0,0,1,0,0
Image_21_jpg.rf.5f52cb59e3e47ead13e5c3578f90a29f.jpg,0,1,0,0,0
1000010710_x16_jpg.rf.5d373075409ac74a8ab446424301dcd1.jpg,0,0,0,0,1
17098133_1754326824882500_5988218486462016487_o_jpg.rf.5f1053b949b81d036344902b3431a216.jpg,0,0,0,0,1
hot-spots-suck_00070_jpg.rf.5e71136197e45fd750f33a8cc3a7ff93.jpg,1,0,0,0,0
Image_17_jpg.rf.601edb8028de383ce16e509edbb49453.jpg,0,1,0,0,0
hotspot-103-_jpg.rf.5f3f125caeacf7bea53c12762def44ec.jpg,0,0,1,0,0
ringworm-119-_jpg.rf.60fb12d1659c0fbc80ced2403fd0421b.jpg,0,0,0,1,0
hotspot-84-_jpg.rf.5f176588a96481b8170c4db9de94ea4c.jpg,1,0,0,0,0
hotspot-58-_jpg.rf.606e636c2499e839a7333274c30f9068.jpg,1,0,0,0,0
flea_allergy-24-_jpg.rf.5fb271de6effa5305b06285be53c0cd5.jpg,0,0,1,1,0
Owners-usually-don-t-get-a-good-vote-of-just-how-big-hotspots_00445_jpg.rf.59d7cd1cf9688cd1f9912fbcb596de58.jpg,1,0,0,0,0
1000010759_x16_jpg.rf.61277bafd4ee399e638fdd1932a842d7.jpg,0,0,0,0,1
Image_41_jpg.rf.5fe3b6de65fdd3b6cb3269ea8718dba4.jpg,0,1,0,0,0
Thank-you-all-for-your-support_00001_jpg.rf.5c9afc314d1751c619985f142de02f3f.jpg,1,0,0,0,0
hot-spots-suck_00100_jpg.rf.609857340afd080ee2868a34fb24ac02.jpg,1,0,0,0,0
ringworm-19-_jpg.rf.62cb49e9397e3e68417b8d8722b42eb2.jpg,0,0,0,1,0
1000010764_x16_jpg.rf.633a69ca6e38969c457191d35f0649f4.jpg,0,0,0,0,1
Image_56_jpg.rf.62598e8e920f1c8d91da9d08b7cb7986.jpg,0,1,0,0,0
mange-54-_jpg.rf.57c91b3ebf034be74a835c6125a4781b.jpg,0,0,0,0,1
1000010693_x16_jpg.rf.633533956341621b93ce7fd632133b27.jpg,1,0,0,0,0
flea_allergy-91-_jpg.rf.63978f0b923ec60c6362311e8d32afed.jpg,0,0,1,0,0
hot-spots-suck_00346_jpg.rf.5d7294b00278497efc33cb20a8c590d2.jpg,1,0,0,0,0
Image_42_jpg.rf.6210c72de22c41ab78d6dff716838770.jpg,0,1,0,0,0
HOT-SPOT-IN-DOG-HOW-vet-treated-symptom-prevention_-flea-bite-moist-eczema_dog-itching-000502_png_jpg.rf.61ae4906e17412ce667284bee50b323f.jpg,0,0,0,0,1
Image_41_jpg.rf.633fac72f7da9b62f19865c2e700f7a4.jpg,0,1,0,0,0
Hot-Spot-on-_Chance_-How-to-treat-a-dog-that-you-can_t-touch_-000622_png_jpg.rf.624f5f7022b19a72d3dbcfafa174c0aa.jpg,1,0,0,0,0
ringworm-17-_jpg.rf.63ccd667e3087d3336d1a849347c10bf.jpg,0,0,0,1,0
Image_9_jpg.rf.6587c353b8e6e6290ba9e7d182d2860e.jpg,0,1,0,0,0
flea_allergy-49-_jpg.rf.63de71268fc818651dcd2ceca818a87e.jpg,0,0,1,0,0
flea_allergy-33-_jpg.rf.640275579141a490f60e8faed12a3486.jpg,0,0,1,0,0
Hot-Spot-on-_Chance_-How-to-treat-a-dog-that-you-can_t-touch_-000621_png_jpg.rf.667599af551e414715d69364bdfd4346.jpg,1,0,0,0,0
ringworm-107-_jpg.rf.6443ec77bc56071e42a363e6c2d33ba2.jpg,0,0,0,1,0
Image_24_jpg.rf.665df6cdc99fff1d6b9e1671f6bc7e58.jpg,0,1,0,0,0
hotspot-100-_jpg.rf.630385417c54a86422e40d745bfea225.jpg,0,0,0,0,1
mange-50-_jpg.rf.663af93ec761342998c60e71a7d6baa4.jpg,0,0,0,0,1
Image_92_jpg.rf.6068a3f1f022a7914180c3936c02ef9a.jpg,0,1,0,0,0
1000010532_x16_jpg.rf.64f484d07648aa24945d99f841b66493.jpg,0,0,1,0,0
hotspot-109-_jpg.rf.660d8304e4a9daecf92c8f3b3281af06.jpg,1,0,0,0,0
1000010722_x4_jpg.rf.652c15fbfb1d50c70fe61d4abed1dfed.jpg,0,0,0,0,1
Image_14_jpg.rf.67651d248ac2e316019d7100793a4140.jpg,0,1,0,0,0
ringworm-130-_jpg.rf.6bf4fb759c27f14d501800fa5be7d3c8.jpg,0,0,0,1,0
Image_126_jpg.rf.67f1f9942a6907fcd347daef1289cc37.jpg,0,1,0,0,0
I-thought-this-was-an-Ingrown-hair-in-my-dogs-toe-grass-seed-removal-000003_png_jpg.rf.6cddf599bb63b71795f20a7b03ec221c.jpg,0,0,0,1,0
Owners-usually-don-t-get-a-good-vote-of-just-how-big-hotspots_00349_jpg.rf.6c4764516f5be130efef737f34dd22be.jpg,0,0,1,0,0
OIP-22-_x4_jpg.rf.65f116a29a5bb6277798717719500131.jpg,0,0,0,1,0
Owners-usually-don-t-get-a-good-vote-of-just-how-big-hotspots_00021_jpg.rf.6be934a8fb157e86e60fb4947656dda7.jpg,0,0,1,0,0
Image_18_jpg.rf.6bec70a10a9c924aa64e88b3ae2a20b4.jpg,0,1,0,0,0
1000010586_x4_jpg.rf.67cd6b9a180b5eba236bc93af6bb55b4.jpg,1,0,0,0,0
hotspot-66-_jpg.rf.64ab47aa45478abbf0cddaf1e590b276.jpg,1,0,0,0,0
Poodle-hotspot-care-000118_png_jpg.rf.6c1ea1717b572035df29d0a6ccfc9798.jpg,0,0,1,0,0
ringworm-49-_jpg.rf.6b2c92aa47eb4fc14f9539752861e26d.jpg,0,0,0,1,0
Hot-Spot-on-_Chance_-How-to-treat-a-dog-that-you-can_t-touch_-000619_png_jpg.rf.6d0619841fb0f39a43c1b6214e6cf305.jpg,1,0,0,0,0
ringworm-151-_jpg.rf.68aa36cf7000918fdd2307a433c09d6f.jpg,0,0,0,1,0
ringworm-71-_jpg.rf.693818e235af024147e07a48996136ea.jpg,0,0,0,1,0
pododermatitis_ashe-jpg-optimal_jpg.rf.6d26adfe72340447dcbb4718d62312d6.jpg,1,0,0,0,0
ringworm-150-_jpg.rf.693bc62fc68cc6ec0d07091cb1ac9832.jpg,0,0,0,1,0
hotspot-23-_jpg.rf.696bab203d93e987b05ce2670467f416.jpg,1,0,0,0,0
1000011952_x4_jpg.rf.67a0612a796b4508fe028d8e93d60870.jpg,0,0,0,0,1
110309934_2084249831710671_644872728960204913_n_jpg.rf.6d463eaadd9e149f006b2fa2299aa304.jpg,0,0,1,0,0
1000010607_x4_jpg.rf.6a12d94f7555789506d3a43b7e52d856.jpg,0,0,0,0,1
ringworm-117-_jpg.rf.6e21138df05a1048f143da3ef8924702.jpg,0,0,0,1,0
ringworm-121-_jpg.rf.6ea4e4f7280075db5aa8d3fd8bc16a7f.jpg,0,0,0,1,0
Image_10_jpg.rf.6d7f0fb8031ea5fcc9a05f43516a89f7.jpg,0,1,0,0,0
1516253873174_x4_jpg.rf.70fd10b6510c65cd2cd3e81668c314cc.jpg,1,0,0,0,0
1000010543_x16_jpg.rf.6ffa2006eb8888e8fd806023813f1895.jpg,1,0,0,0,0
hot-spots-suck_00049_jpg.rf.69d2e21245e6bcf52ee83d4d998de3e4.jpg,1,0,0,0,0
flea_allergy-61-_jpg.rf.7082a78984f61fe55f9f99d6b940d128.jpg,0,0,1,0,0
Image_107_jpeg.rf.6c951f0ad4a236f872af6308dfdca34b.jpg,0,1,0,0,0
OIP-20-_x4_jpg.rf.6df4cdcaf91c83d6fcfdcf3934f1966d.jpg,0,0,0,0,1
hotspot-59-_jpg.rf.6e4db2081cf0ecac49be562e6030260a.jpg,1,0,0,0,0
hot-spots-suck_00229_jpg.rf.6dee4c35b8f39b4d016f81643c14e461.jpg,1,0,0,0,0
1000010669_x16_jpg.rf.6e3a70af0a24cfb2e086054c92d07d4e.jpg,0,0,0,0,1
1000010647_x16_jpg.rf.701dad823afc81848595601d245344de.jpg,0,0,1,0,0
May-is-allergy-awareness-month-here-at-The-Shot-Spot_00007_jpg.rf.72688553a5735acbed2a8ec918a542a2.jpg,0,0,1,0,0
HOT-SPOT-IN-DOG-HOW-vet-treated-symptom-prevention_-flea-bite-moist-eczema_dog-itching-000455_png_jpg.rf.70d70a15af5c9374f8644226cb723b8e.jpg,0,0,0,0,1
1000010721_x16_jpg.rf.71d619e9d4f6e18b40d9506290b982ac.jpg,1,0,0,0,0
Image_55_jpg.rf.7289cd86697159e06996d43cf2daa542.jpg,0,1,0,0,0
1000010635_x4_jpg.rf.7348d0fd2f2a555ef528bf080c0f27f0.jpg,0,0,0,0,1
HOT-SPOT-IN-DOG-HOW-vet-treated-symptom-prevention_-flea-bite-moist-eczema_dog-itching-000148_png_jpg.rf.71ef53ff5763f268f94d54db5e6bd812.jpg,1,0,0,0,0
flea_allergy-14-_jpg.rf.72a0149335eba53881c82e197e23e2d9.jpg,0,0,1,0,0
Image_20_jpg.rf.7247b9b78cdd2ece67217d3426095bfe.jpg,0,1,0,0,0
I-thought-this-was-an-Ingrown-hair-in-my-dogs-toe-grass-seed-removal-000312_png_jpg.rf.7362a20a6e3ae3390e2a3a1ed3ba7c2e.jpg,1,0,0,0,0
ringworm-115-_jpg.rf.7468adbb69c6d079aedc92a10faef931.jpg,0,0,0,1,0
1000010549_x16_jpg.rf.718535610cc974295bc4b0e09f4e8486.jpg,1,0,0,0,0
hotspot-35-_jpg.rf.722275f56fb19aea37f153dcbe738cfb.jpg,0,0,0,0,1
May-is-allergy-awareness-month-here-at-The-Shot-Spot_00139_jpg.rf.74a094ed0535884e710699522a5fccc4.jpg,0,0,1,0,0
Image_91_jpg.rf.724ec6242c3ca67bef6ca3b641b20daa.jpg,0,1,0,0,0
70600559_2813720901974687_5512732589049249792_n_jpg.rf.75ce141da549bb2d45c5a3dd74d73ab5.jpg,0,0,0,0,1
OIP-11-_x4_jpg.rf.73ebda8711c53707f416dc17218a7e97.jpg,0,0,0,1,1
1000010502_x16_jpg.rf.737bbdd95d74377b5c67a0b185c034fd.jpg,1,0,0,0,0
Image_29_jpg.rf.752c12f978d070ca1d256339db75abfb.jpg,0,1,0,0,0
1000010671_x16_jpg.rf.6d46ef409a3a50ccc3890ca186b03626.jpg,0,0,0,1,0
Image_1_jpg.rf.73101bdac6765ad806ba86d94e442379.jpg,0,1,0,0,0
Image_34_jpg.rf.75d58bb25a8a53b50ab8accfdba93b84.jpg,0,1,0,0,0
1000010569_x4_jpg.rf.7512e29bc6260ac3eb160309a2363268.jpg,0,0,1,0,0
hotspot-49-_jpg.rf.756956f62ac133d4abaf22ffbb445dc3.jpg,1,0,0,0,0
Poodle-hotspot-care-000119_png_jpg.rf.743f641f4f249c112b73f316d5b90f92.jpg,0,0,1,0,0
Image_27_jpg.rf.747dad7a476230e1584405707f96ddf4.jpg,0,1,0,0,0
Image_28_jpg.rf.76c403779abbb1d1ac3360bf67551d54.jpg,0,1,0,0,0
flea_allergy-81-_jpg.rf.76a12540eaf3fb424e35116c104fab2a.jpg,0,0,1,0,0
Poodle-hotspot-care-000116_png_jpg.rf.74b73b88687b65a237a7f9b286837d41.jpg,0,0,1,0,0
ringworm-1-_jpg.rf.767d8b63092860f7998c73fad9108978.jpg,0,0,0,1,0
hotspot-107-_jpg.rf.76c20ec7cc0a1ed493c4dde5cbb03ac7.jpg,0,0,0,0,1
hot-spots-on-dogs_jpg.rf.789cc2f4c23c6f8015c18d63d7fca83d.jpg,0,0,1,0,0
hotspot-115-_jpg.rf.770eaedf7ebb3880a38e238d64c8c231.jpg,0,0,0,0,1
1000010639_x16_jpg.rf.71f12556851cbec179ea92b7388e28c4.jpg,1,0,0,0,0
Hot-Spot-on-_Chance_-How-to-treat-a-dog-that-you-can_t-touch_-000615_png_jpg.rf.795a7d5c774a612611edc1cc701d0872.jpg,1,0,0,0,0
CalmDog1_jpg.rf.7657d417d6bd7615074a6d63017b968c.jpg,0,0,0,0,1
Image_110_jpg.rf.775b135abd7c3559ec07457f594d97a3.jpg,0,1,0,0,0
1000010509_x4_jpg.rf.78df52f779ee631c56ac0d1f23c90e13.jpg,1,0,0,0,0
ringworm-141-_jpg.rf.7727a5cb3e987c42007bca86e5c37e7a.jpg,0,0,0,1,0
OIP-19-_x16_jpg.rf.7915340956d8a8ff48aa3124dfb2a20e.jpg,0,0,1,0,0
OIP-21-_x4_jpg.rf.7847dc3c7ea1edc523dc66b8873901c9.jpg,0,0,0,0,1
Image_28_jpg.rf.78cfcc3a3683ff805bb01de12b7b8a0d.jpg,0,1,0,0,0
flea_allergy-53-_jpg.rf.794bb982c38aef021bfb384ee350765b.jpg,0,0,1,0,0
Thank-you-all-for-your-support_00091_jpg.rf.77606c0838752fa1decd38a17b265673.jpg,1,0,0,0,0
1000010782_x16_jpg.rf.7abdc26f0c50a0837e9a761740f2511d.jpg,0,0,0,0,1
hotspot-105-_jpg.rf.7821bb14fbf07e818bf9bc7bd506e9f1.jpg,0,0,0,1,0
56_jpg.rf.7a98e3566c3e2f5ac6e1bdfd5902d093.jpg,0,0,0,0,1
1000010601_x4_jpg.rf.78cb06c4c009936ce5b31949324d0809.jpg,0,0,1,0,0
ringworm-58-_jpg.rf.7af6f6241d11183985bdb8ad24d8e18d.jpg,0,0,0,1,0
mange-60-_jpg.rf.797fcfa0c765882611059d4c33d543ff.jpg,0,0,0,0,1
HOT-SPOT-IN-DOG-HOW-vet-treated-symptom-prevention_-flea-bite-moist-eczema_dog-itching-000476_png_jpg.rf.7a24b2065e176c279240b2e22f262003.jpg,0,0,0,0,1
Image_42_jpg.rf.7a971a9032cb0e0a006cf7f8279f334e.jpg,0,1,0,0,0
54_jpg.rf.7aaf7f6e388799cc6733429772a33232.jpg,0,0,0,1,1
Image_59_jpg.rf.7c4814894d52bcd61754edc8e8597038.jpg,0,1,0,0,0
hotspot-81-_jpg.rf.7c5400c70b08cde0f488f6267cc04b95.jpg,1,0,0,0,0
ringworm-43-_jpg.rf.7ea584afe5986b04305a8912b863d37b.jpg,0,0,0,1,0
Image_48_jpg.rf.7d856612b8e8a6da8fcce98c2679fa06.jpg,0,1,0,0,0
ringworm-69-_jpg.rf.7c1368cfe9ca3378a233a665511e796e.jpg,0,0,0,1,0
May-is-allergy-awareness-month-here-at-The-Shot-Spot_00130_jpg.rf.7b45b04c56bf79030c5ec2283de73b50.jpg,1,0,0,0,0
Image_43_jpg.rf.79e26b9f9bdb138dd454d1a5ab54acce.jpg,0,1,0,0,0
HOT-SPOT-IN-DOG-HOW-vet-treated-symptom-prevention_-flea-bite-moist-eczema_dog-itching-000477_png_jpg.rf.7ba23dfa1f6a24c996e0634bba81dbce.jpg,0,0,0,0,1
hotspot-55-_jpg.rf.7c0a1714fac40e27fc85421829b30bdd.jpg,1,0,0,0,0
55_jpg.rf.79ab3f8e3e577615d39b4b485dd9da4d.jpg,1,0,1,0,0
1000010673_x16_jpg.rf.7fbcc86ed537c57b081582770e39fb1a.jpg,0,0,0,1,0
Image_63_jpeg.rf.7f533c97ff24be7f6f36a992ce646983.jpg,0,1,0,0,0
Cutaneous-skin-lesion-over-the-carpus-in-dog-case-no-1-infected-with-Leishmania-major_jpg.rf.7e4e59031b1f244278e4f1e0ccf93605.jpg,0,0,1,0,0
Reply-to-don-t-let-your-dog-suffer-in-silence_00005_jpg.rf.80f07babf39cc4f3820eac6c68e2ef05.jpg,1,0,0,0,0
1000010662_x16_jpg.rf.80bd8bcdefd4b0b33a8c3c9b5e2e1140.jpg,0,0,1,0,0
Day-28-of-ringworm-treatment_00151_jpg.rf.7d74ee5ce617d39f909ea39780d4ac75.jpg,0,0,0,1,0
flea_allergy-80-_jpg.rf.7bd4d0e157935cc1451361b58e7e8953.jpg,0,0,1,0,0
ringworm-118-_jpg.rf.7cdd389fac52ed1fc79a3a31895ed826.jpg,0,0,0,1,0
ringworm-52-_jpg.rf.79bbb5482fce53420c9138233c8a3ec4.jpg,0,0,0,1,0
Image_5_jpg.rf.80e28103cafc59c2546a15ab5aa01cbf.jpg,0,1,0,0,0
ringworm-70-_jpg.rf.812194a61a5579a4e45e88561c99e9de.jpg,0,0,0,1,0
1000010541_x16_jpg.rf.8176a154c5647f3d522c660460e442de.jpg,0,0,0,1,0
Image_18_jpg.rf.7feda1ddbe2d568863b742d1385e94d5.jpg,0,1,0,0,0
hotspot-4-_jpg.rf.8106d2f5cc597c846a756cd7733ea5b9.jpg,1,0,0,0,0